PAGINA,MODELO,PRECIO,
2,"273-66 (S,M,L,XL) MULTICOLOR",    26.99 ,
3,"304-66 (S,M,L,XL) MULTICOLOR",   21.99 ,
3,"970-40 (5,7,9,11,13) BLANCO",    30.99 ,
4,"209-13 (S,M,L,XL) AMARILLO",   26.99 ,
5,"088-03 (S,M,L,XL) AZUL MARINO",   15.99 ,
6,730-29 ONE SIZE ORO,    8.99 ,
6,"088-03 (S,M,L,XL) AZUL MARINO",     15.99 ,
6,"726-20 (S,M,L,XL) LIMA",   11.99 ,
7,"887-37 (S,M,L,XL) MULTICOLOR",    26.99 ,
7,612-15 (S/M Y L/XL) ORO/ANTIMONIO,    13.99 ,
8,"166-60 (S,M,L,XL) ROSA",     30.99 ,
9,"130-29 (S,M,L,XL) NARANJA",     28.99 ,
10,"921-28 (S,M,L,XL) BLANCO",     20.99 ,
10,"929-20 (S,M,L,XL) VERDE/AZUL",  20.99 ,
11,"812-13 (S,M,L,XL) MULTICOLOR",     17.99 ,
12,"212-27 (S,M,L,XL) MANDARINA",     23.99 ,
12,"812-13 (S,M,L,XL) MULTICOLOR",     17.99 ,
13,"792-10 (S,M,L,XL) MULTICOLOR",     18.99 ,
13,612-14 (S/M Y L/XL) NEGRO/ORO,     14.99 ,
13,"939-23 (S,M,L,XL) FIUSHA",     18.99 ,
14,"130-23 (S,M,L,XL) JADE",     28.99 ,
15,"887-39 (S,M,L,XL) MULTICOLOR",    28.99 ,
16,"104-13 (S,M,L,XL) NARANJA",    26.99 ,
17,"118-06 (5,7,9,11,13) AZUL CLARO",     29.99 ,
18,"251-77 (S,M,L,XL) VERDE JADE",     14.99 ,
18,"118-06 (5,7,9,11,13) AZUL CLARO",     29.99 ,
19,"981-26 (5,7,9,11,13) AZUL",     25.99 ,
19,396-39 (S/M Y L/XL) ORO,     14.99 ,
19,"939-20 (S,M,L,XL) VERDE",    19.99 ,
20,"209-17 (S,M,L,XL) AMARILLO",     17.99 ,
20,"208-21 (5,7,9,11,13) AZUL MARINO",     25.99 ,
21,"970-39 (5,7,9,11,13) AZUL INDIGO",     29.99 ,
22,"751-08 (S,M,L,XL) ROSA NEON",     22.99 ,
22,"970-39 (5,7,9,11,13) AZUL INDIGO",   29.99 ,
23,"129-46 (S,M,L,XL) NARANJA",     22.99 ,
23,"990-15 (5,7,9,11,13) ARENA",     26.99 ,
24,"212-26 (S,M,L,XL) MULTICOLOR",     21.99 ,
24,"934-13 (5,7,9,11,13) CORAL",    29.99 ,
26,"209-16 (S,M,L,XL) NARANJA/NEON",     24.99 ,
27,"921-28 (S,M,L,XL) BLANCO",     20.99 ,
28,"921-28 (S,M,L,XL) BLANCO",    20.99 ,
28,"209-18 (S,M,L,XL) NARANJA",   15.99 ,
29,"118-05 (5,7,9,11,13) AZUL MEZCLILLA",    29.99 ,
30,"243-22 (S,M,L,XL) NARANJA/NEON",     18.99 ,
30,"118-05 (5,7,9,11,13) AZUL MEZCLILLA",     29.99 ,
31,"228-23 (S,M,L,XL) AZUL MEZCLILLA",     30.99 ,
32,"104-15 (S,M,L,XL) AMARILLO",     16.99 ,
32,"222-66 (S,M,L,XL) MULTICOLOR",     21.99 ,
33,"118-06 (5,7,9,11,13) AZUL CLARO",     29.99 ,
33,"510-09 (S,M,L,XL) BLANCO/NEGRO",    23.99 ,
34,"887-38 (S,M,L,XL) MULTICOLOR",     24.99 ,
35,"881-04 (5,7,9,11,13) BLANCO",    26.99 ,
36,"881-04 (5,7,9,11,13) BLANCO",    26.99 ,
36,"217-03 (S,M,L,XL) GRIS",     14.99 ,
37,"123-66 (S,M,L,XL) MULTICOLOR",    20.99 ,
37,"972-03 (S,M,L,XL) FIUSHA",     13.99 ,
38,"206-39 (S,M,L,XL) MEZCLILLA/ROSA",     24.99 ,
38,825-16 (S/M Y L/XL) TRIO MULTICOLOR,     13.99 ,
39,"792-10 (S,M,L,XL) MULTICOLOR",   18.99 ,
40,"792-10 (S,M,L,XL) MULTICOLOR",    18.99 ,
40,825-16 (S/M Y L/XL) TRIO MULTICOLOR,     13.99 ,
40,"938-18 (S,M,L,XL) NARANJA",    17.99 ,
41,"989-02 (S,M,L,XL) MULTICOLOR",    15.99 ,
41,"169-58 (5,7,9,11,13) AZUL CLARO",    23.99 ,
42,"790-19 (S,M,L,XL) GRIS",     21.99 ,
43,"462-04 (S,M,L,XL) NEGRO",    14.99 ,
44,"462-04 (S,M,L,XL) NEGRO",     14.99 ,
44,"304-65 (S,M,L,XL) BLANCO/GRIS",     22.99 ,
45,"228-22 (5,7,9,11,13) AZUL MEZCLILLA",     34.99 ,
45,"296-50 (S,M,L,XL) ROSA NEON",     13.99 ,
46,"123-64 (S,M,L,XL) MULTICOLOR",     24.99 ,
46,"981-28 (5,7,9,11,13) AZUL CIELO",    30.99 ,
48,"104-12 (S,M,L,XL) IVORY",    30.99 ,
49,"302-34 (S,M,L,XL) FIUSHA",     29.99 ,
50,"282-21 (S,M,L,XL) VERDE",    26.99 ,
51,"209-11 (S,M,L,XL) NEGRO",     23.99 ,
52,"209-11 (S,M,L,XL) NEGRO",     23.99 ,
52,"128-58 (S,M,L,XL) AZUL REY",     19.99 ,
53,"104-17 (S,M,L,XL) ROJO",     35.99 ,
54,999-01 (S/M Y L/XL) NEGRO,    22.99 ,
54,772-03 (S/M Y L/XL) NEGRO,     14.99 ,
55,"881-04 (5,7,9,11,13) BLANCO",     26.99 ,
55,"130-24 (S,M,L,XL) NARANJA",    20.99 ,
56,"088-04 (S,M,L,XL) AZUL MARINO",  28.99 ,
57,"103-25 (5,7,9,11,13) NEGRO",    22.99 ,
58,730-30 ONE SIZE NEGRO/ORO,     14.99 ,
58,"103-25 (5,7,9,11,13) NEGRO",    22.99 ,
58,"166-62 (S,M,L,XL) ANIMAL PRINT",     18.99 ,
59,"147-52 (S,M,L,XL) ROJO",     27.99 ,
60,"147-53 (S,M,L,XL) AZUL REY",     33.99 ,
61,"970-39 (5,7,9,11,13) AZUL INDIGO",     29.99 ,
61,"165-29 (S,M,L,XL) NEGRO",     22.99 ,
62,"130-26 (S,M,L,XL) NARANJA",     33.99 ,
63,"210-35 (5,7,9,11,13) AZUL INDIGO/ORO",     29.99 ,
64,"251-79 (S,M,L,XL) IVORY",     23.99 ,
64,"210-35 (5,7,9,11,13) AZUL INDIGO/ORO",     29.99 ,
65,"179-49 (S,M,L,XL) ROJO",     25.99 ,
67,795-09 (S/M Y L/XL) MIEL/ORO,     12.99 ,
67,"929-10 (S,M,L,XL) VERDE",     24.99 ,
68,"881-04 (5,7,9,11,13) BLANCO",     26.99 ,
68,730-28 ONE SIZE ORO,     10.99 ,
68,"939-25 (S,M,L,XL) AZUL REY ESTAMPADO",     21.99 ,
69,"273-68 (S,M,L,XL) NARANJA",     28.99 ,
70,"928-20 (S,M,L,XL) BLANCO",     25.99 ,
71,"887-32 (S,M,L,XL) KAQUI",     23.99 ,
72,"887-32 (S,M,L,XL) KAQUI",     23.99 ,
72,825-17 (S/M Y L/XL) ORO/CAMEL,     14.99 ,
72,"929-22 (S,M,L,XL) NARANJA MULTICOLOR",     22.99 ,
73,"967-05 (S,M,L,XL) NEGRO",     20.99 ,
74,795-09 (S/M Y L/XL) MIEL/ORO,     12.99 ,
74,"315-59 (5,7,9,11,13) AZUL",     30.99 ,
74,"315-59 (5,7,9,11,13) AZUL",     30.99 ,
74,"963-10 (S,M,L,XL) ROJO",     20.99 ,
75,"954-13 (5,7,9,11,13) BLANCO",     24.99 ,
76,"954-13 (5,7,9,11,13) BLANCO",     24.99 ,
76,"929-19 (S,M,L,XL) AZUL MARINO/BLANCO",     22.99 ,
77,"103-25 (5,7,9,11,13) NEGRO",     22.99 ,
77,"939-16 (S,M,L,XL) ROSA/BEIGE",     22.99 ,
78,"712-69 (S,M,L,XL) AZUL",     31.99 ,
79,"990-13 (5,7,9,11,13) NARANJA",     27.99 ,
80,"990-13 (5,7,9,11,13) NARANJA",     27.99 ,
80,396-36 (S/M Y L/XL) CHOCOLATE,     18.99 ,
80,"971-00 (S,M,L,XL) IVORY",     24.99 ,
81,"990-15 (5,7,9,11,13) ARENA",     26.99 ,
81,825-15 (S/M Y L/XL) CAFÉ,     13.99 ,
81,"929-23 (S,M,L,XL) TURQUESA",     18.99 ,
82,"118-07 (5,7,9,11,13) AZUL MEZCLILLA",     21.99 ,
82,"939-22 (S,M,L,XL) MORADO MULTICOLOR",     22.99 ,
83,"222-67 (S,M,L,XL) IVORY/ AZUL REY",     29.99 ,
84,"907-05 (S,M,L,XL) AZUL/REY",     21.99 ,
84,"222-67 (S,M,L,XL) IVORY/ AZUL REY",     29.99 ,
85,"156-22 (S,M,L,XL) AZUL MARINO/MULTICOLOR",     32.99 ,
86,"990-14 (5,7,9,11,13) KAQUI",     27.99 ,
86,"939-24 (S,M,L,XL) ROJO",     24.99 ,
88,"165-30 (S,M,L,XL) IVORY/MULTICOLOR",     24.99 ,
89,612-14 (S/M Y L/XL) NEGRO/ORO,     14.99 ,
89,"088-01 (S,M,L,XL) NEGRO",     26.99 ,
90,730-29 ONE SIZE ORO,        8.99 ,
90,"219-73 (S,M,L,XL) AZUL/FRANCIA",     33.99 ,
91,"887-34 (S,M,L,XL) MULTICOLOR",     28.99 ,
92,"165-31 (S,M,L,XL) NEGRO",     32.99 ,
93,"366-21 (5,7,9,11,13) CAMEL",     28.99 ,
94,"366-21 (5,7,9,11,13) CAMEL",     28.99 ,
94,"600-24 (S,M,L,XL) ROJO",     20.99 ,
95,"209-11 (S,M,L,XL) NEGRO",     23.99 ,
95,"939-15 (S,M,L,XL) CORAL",     25.99 ,
96,"876-22 (S,M,L,XL) AZUL REY MULTICOLOR",     28.99 ,
97,"934-13 (5,7,9,11,13) CORAL",     29.99 ,
98,"928-16 (S,M,L,XL) BLANCO",     25.99 ,
98,"934-13 (5,7,9,11,13) CORAL",     29.99 ,
99,"462-04 (S,M,L,XL) NEGRO",     14.99 ,
99,"153-35 (S,M,L,XL) MULTICOLOR",     16.99 ,
100,"881-04 (5,7,9,11,13) BLANCO",     26.99 ,
100,"950-31 (S,M,L,XL) AZUL MARINO",     18.99 ,
101,"209-12 (S,M,L,XL) MULTICOLOR",     25.99 ,
101,612-15 (S/M Y L/XL) ORO/ANTIMONIO,     13.99 ,
102,"088-03 (S,M,L,XL) AZUL MARINO",     15.99 ,
102,612-15 (S/M Y L/XL) ORO/ANTIMONIO,     13.99 ,
102,"153-36 (S,M,L,XL) BUGAMBILIA",     15.99 ,
103,"251-82 (S,M,L,XL) MULTICOLOR",     13.99 ,
103,825-18 (S/M Y L/XL) NEGRO/ORO,     14.99 ,
103,"360-29 (S,M,L,XL) AZUL REY",     15.99 ,
104,"166-63 (S,M,L,XL) CEREZA",    32.99 ,
105,"929-15 (S,M,L,XL) IVORY",     22.99 ,
105,"934-14 (5,7,9,11,13) AZUL MEZCLILLA",     31.99 ,
106,"934-14 (5,7,9,11,13) AZUL MEZCLILLA",     31.99 ,
107,"929-06 (S,M,L,XL) VERDE JADE",     19.99 ,
107,"210-35 (5,7,9,11,13) AZUL INDIGO/ORO",     29.99 ,
108,396-39 (S/M Y L/XL) ORO,     14.99 ,
108,"950-23 (S,M,L,XL) AZUL MARINO",     25.99 ,
109,"981-26 (5,7,9,11,13) AZUL",     25.99 ,
110,"981-26 (5,7,9,11,13) AZUL",     25.99 ,
110,825-16 (S/M Y L/XL) TRIO MULTICOLOR,     13.99 ,
110,"166-61 (S,M,L,XL) MULTICOLOR",     28.99 ,
111,"970-40 (5,7,9,11,13) BLANCO",     30.99 ,
111,"104-14 (S,M,L,XL) AZUL MARINO",     19.99 ,
112,730-28 ONE SIZE ORO,     10.99 ,
112,"970-38 (5,7,9,11,13) AZUL INDIGO",     30.99 ,
112,"967-07 (S,M,L,XL) VERDE",     17.99 ,
113,"206-41 (S,M,L,XL) BLANCO",     26.99 ,
115,"883-17 (S,M,L,XL) BLANCO",     26.99 ,
116,"104-18 (S,M,L,XL) FIUSHA",     31.99 ,
117,"908-10 (S,M,L,XL) NEGRO",     18.99 ,
117,730-29 ONE SIZE ORO,        8.99 ,
117,"209-10 (5,7,9,11,13) ROSA",     20.99 ,
118,"166-68 (S,M,L,XL) BLANCO",     30.99 ,
119,"251-82 (S,M,L,XL) MULTICOLOR",     13.99 ,
120,"251-82 (S,M,L,XL) MULTICOLOR",     13.99 ,
120,"980-22 (S,M,L,XL) NEGRO",     23.99 ,
121,"130-22 (S,M,L,XL) MAGENTA",     24.99 ,
122,612-14 (S/M Y L/XL) NEGRO/ORO,     14.99 ,
122,"876-21 (S,M,L,XL) NEGRO",     29.99 ,
123,"088-02 (S,M,L,XL) IVORY/NEGRO",     27.99 ,
124,"103-25 (5,7,9,11,13) NEGRO",     22.99 ,
124,"985-03 (S,M,L,XL) IVORY",     29.99 ,
124,"903-04 (S,M,L,XL) ROSA",     17.99 ,
125,"200-05 (S,M,L,XL) NEGRO/IVORY",     19.99 ,
126,"200-05 (S,M,L,XL) NEGRO/IVORY",     19.99 ,
126,"948-16 (S,M,L,XL) FIUSHA",     23.99 ,
127,"462-04 (S,M,L,XL) NEGRO",     14.99 ,
127,"105-27 (S,M,L,XL) IVORY",     23.99 ,
128,"105-28 (S,M,L,XL) BLANCO/NEGRO",     28.99 ,
128,396-38 (S/M Y L/XL) NEGRO,     14.99 ,
129,"130-30 (S,M,L,XL) NEGRO",     27.99 ,
130,"103-25 (5,7,9,11,13) NEGRO",     22.99 ,
130,"200-06 (S,M,L,XL) ROSA",     22.99 ,
131,"972-03 (S,M,L,XL) FIUSHA",     13.99 ,
132,"104-16 (S,M,L,XL) IVORY",     24.99 ,
132,"972-03 (S,M,L,XL) FIUSHA",     13.99 ,
133,"103-25 (5,7,9,11,13) NEGRO",     22.99 ,
133,"903-04 (S,M,L,XL) ROSA",     17.99 ,
134,"929-07 (S,M,L,XL) BLANCO/NEGRO",     23.99 ,
134,612-14 (S/M Y L/XL) NEGRO/ORO,     14.99 ,
134,"200-05 (S,M,L,XL) NEGRO/IVORY",     19.99 ,
135,"970-40 (5,7,9,11,13) BLANCO",     30.99 ,
136,"908-12 (S,M,L,XL) ROSA",     25.99 ,
136,"970-40 (5,7,9,11,13) BLANCO",     30.99 ,
137,772-03 (S/M Y L/XL) NEGRO,     14.99 ,
137,"200-05 (S,M,L,XL) NEGRO/IVORY",     19.99 ,
137,"125-86 (S,M,L,XL) NEGRO",     15.99 ,
139,825-17 (S/M Y L/XL) ORO/CAMEL,     14.99 ,
139,"887-36 (S,M,L,XL) MULTICOLOR",     26.99 ,
140,"147-50 (S,M,L,XL) MULTICOLOR",     26.99 ,
141,825-16 (S/M Y L/XL) TRIO MULTICOLOR,     13.99 ,
141,"196-29 (5,7,9,11,13) AZUL INDIGO",     31.99 ,
141,"209-14 (S,M,L,XL) MULTICOLOR",     20.99 ,
142,"296-52 (S,M,L,XL) AZUL MARINO",     27.99 ,
143,"970-38 (5,7,9,11,13) AZUL INDIGO",     30.99 ,
144,"929-14 (S,M,L,XL) AZUL CLARO",     19.99 ,
144,730-29 ONE SIZE ORO,        8.99 ,
144,"970-38 (5,7,9,11,13) AZUL INDIGO",     30.99 ,
145,"208-21 (5,7,9,11,13) AZUL MARINO",     25.99 ,
145,"219-74 (S,M,L,XL) DURAZNO",     23.99 ,
146,"970-40 (5,7,9,11,13) BLANCO",     30.99 ,
146,"920-33 (S,M,L,XL) AMARILLO",     21.99 ,
147,"981-27 (5,7,9,11,13) AZUL INDIGO",     24.99 ,
148,"360-27 (S,M,L,XL) LAVANDA",     18.99 ,
148,"981-27 (5,7,9,11,13) AZUL INDIGO",     24.99 ,
149,"938-16 (S,M,L,XL) IVORY",     24.99 ,
149,"990-14 (5,7,9,11,13) KAQUI",     27.99 ,
150,396-36 (S/M Y L/XL) CHOCOLATE,     18.99 ,
150,"939-21 (S,M,L,XL) DURAZNO",     22.99 ,
150,"970-40 (5,7,9,11,13) BLANCO",     30.99 ,
151,"812-12 (S,M,L,XL) MAQUILLAJE",     30.99 ,
152,"908-03 (S,M,L,XL) IVORY",     22.99 ,
152,"812-12 (S,M,L,XL) MAQUILLAJE",     30.99 ,
153,"168-13 (5,7,9,11,13) AZUL MEZCLILLA",     27.99 ,
153,"968-04 (S,M,L,XL) MENTA",     20.99 ,
154,"147-51 (S,M,L,XL) MULTICOLOR",     33.99 ,
155,"204-37 (S,M,L,XL) IVORY",     31.99 ,
156,"928-21 (S,M,L,XL) NUDE",     22.99 ,
156,"957-30 (S,M,L,XL) MEZCLILLA AZUL",     21.99 ,
157,"981-28 (5,7,9,11,13) AZUL CIELO",     30.99 ,
158,"981-28 (5,7,9,11,13) AZUL CIELO",     30.99 ,
158,"939-19 (S,M,L,XL) VERDE/AZUL",     20.99 ,
159,"887-35 (S,M,L,XL) DURAZNO",     24.99 ,
160,"929-11 (S,M,L,XL) VERDE ESTAMPADO",     20.99 ,
160,"209-10 (5,7,9,11,13) ROSA",     20.99 ,
161,"935-00 (S,M,L,XL) BLANCO",     19.99 ,
161,"970-38 (5,7,9,11,13) AZUL INDIGO",     30.99 ,
162,"948-15 (S,M,L,XL) IVORY",     39.99 ,
164,"302-33 (S,M,L,XL) BLANCO/MARINO",     23.99 ,
165,772-02 (S/M Y L/XL) MIEL,     14.99 ,
165,"273-67 (S,M,L,XL) BLANCO",     27.99 ,
166,"166-65 (S,M,L,XL) AMARILLO",     30.99 ,
167,"125-82 (S,M,L,XL) CORAL",     14.99 ,
167,"125-83 (S,M,L,XL) IVORY",     17.99 ,
168,772-02 (S/M Y L/XL) MIEL,     14.99 ,
168,"982-10 (S,M,L,XL) AZUL MARINO",     25.99 ,
169,"104-15 (S,M,L,XL) AMARILLLO",   16.99 ,
170,"104-15 (S,M,L,XL) AMARILLLO",     16.99 ,
170,"125-84 (S,M,L,XL) RAYAS/MARINO",     16.99 ,
171,"950-24 (S,M,L,XL) AZUL/RAYAS",     29.99 ,
172,"751-09 (S,M,L,XL) AZUL MARINO",     21.99 ,
172,"972-01 (S,M,L,XL) AZUL REY/ESTAMPADO",     13.99 ,
173,"209-10 (5,7,9,11,13) ROSA",     20.99 ,
174,"209-10 (5,7,9,11,13) ROSA",     20.99 ,
174,612-15 (S/M Y L/XL) ORO/ANTIMONIO,     13.99 ,
174,"946-12 (S,M,L,XL) AZUL MARINO/BLANCO",     22.99 ,
175,"712-68 (S,M,L,XL) BLANCO/NEGRO",     25.99 ,
176,"169-58 (5,7,9,11,13) AZUL CLARO",     23.99 ,
176,"967-06 (S,M,L,XL) AMARILLO",     15.99 ,
177,"208-21 (5,7,9,11,13) AZUL MARINO",     25.99 ,
178,"208-21 (5,7,9,11,13) AZUL MARINO",     25.99 ,
178,"920-34 (S,M,L,XL) RAYAS/MARINO",     19.99 ,
179,"921-28 (S,M,L,XL) BLANCO",     20.99 ,
179,"948-17 (S,M,L,XL) ROJO",     14.99 ,
180,"887-33 (S,M,L,XL) AZUL MULTICOLOR",     24.99 ,
180,396-37 (S/M Y L/XL) MIEL,     13.99 ,
181,"118-07 (5,7,9,11,13) AZUL MEZCLILLA",     21.99 ,
182,795-09 (S/M Y L/XL) MIEL/ORO,     12.99 ,
182,"118-07 (5,7,9,11,13) AZUL MEZCLILLA",     21.99 ,
182,"124-49 (S,M,L,XL) BLANCO",     23.99 ,
183,"954-13 (5,7,9,11,13) BLANCO",     24.99 ,
183,"123-65 (S,M,L,XL) MARINO MULTICOLOR",     19.99 ,
184,"166-64 (S,M,L,XL) ROJO",     27.99 ,
185,"876-23 (S,M,L,XL) AZUL MULTICOLOR",     28.99 ,
186,"118-05 (5,7,9,11,13) AZUL MEZCLILLA",     29.99 ,
186,"963-08 (S,M,L,XL) ROJO",     18.99 ,
188,396-39 (S/M Y L/XL) ORO,     14.99 ,
188,"990-13 (5,7,9,11,13) NARANJA",     27.99 ,
188,"963-07 (S,M,L,XL) MULTICOLOR",     17.99 ,
189,"939-17 (S,M,L,XL) BLANCO",     22.99 ,
189,"169-58 (5,7,9,11,13) AZUL CLARO",     23.99 ,
190,"166-67 (S,M,L,XL) MULTICOLOR",     27.99 ,
191,"972-03 (S,M,L,XL) VERDE JADE",     13.99 ,
192,"908-07 (S,M,L,XL) ARENA",  22.99 ,
192,730-29 ONE SIZE ORO,        8.99 ,
192,"972-03 (S,M,L,XL) VERDE JADE",     13.99 ,
193,"166-59 (S,M,L,XL) BLANCO",     30.99 ,
194,396-36 (S/M Y L/XL) CHOCOLATE,     18.99 ,
194,"582-07 (S,M,L,XL) IVORY ESTAMPADO",     31.99 ,
195,"990-15 (5,7,9,11,13) ARENA",     26.99 ,
196,"990-15 (5,7,9,11,13) ARENA",     26.99 ,
196,"963-11 (S,M,L,XL) CORAL",     19.99 ,
197,"967-02 (S,M,L,XL) BLANCO",     31.99 ,
198,"938-17 (S,M,L,XL) AZUL ESTAMPADO",     17.99 ,
198,"208-21 (5,7,9,11,13) AZUL MARINO",     25.99 ,
199,"196-29 (5,7,9,11,13) AZUL INDIGO",     31.99 ,
200,"908-04 (S,M,L,XL) ARENA",   29.99 ,
200,"196-29 (5,7,9,11,13) AZUL INDIGO",     31.99 ,
201,"939-13 (S,M,L,XL) AZUL/IVORY",     19.99 ,
201,"118-05 (5,7,9,11,13) AZUL MEZCLILLA",     29.99 ,
202,"946-09 (S,M,L,XL) BLANCO/AZUL MARINO",     17.99 ,
202,"222-67 (S,M,L,XL) IVORY/ AZUL REY",     29.99 ,
202,396-37 (S/M Y L/XL) MIEL,     13.99 ,
203,795-09 (S/M Y L/XL) MIEL/ORO,     12.99 ,
203,"967-04 (S,M,L,XL) CORAL",     18.99 ,
204,396-39 (S/M Y L/XL) ORO,     14.99 ,
204,"130-27 (S,M,L,XL) FIUSHA",     24.99 ,
205,"168-13 (5,7,9,11,13) AZUL MEZCLILLA",     27.99 ,
206,"168-13 (5,7,9,11,13) AZUL MEZCLILLA",     27.99 ,
206,"251-78 (S,M,L,XL) AZUL/IVORY",     23.99 ,
207,825-17 (S/M Y L/XL) ORO/CAMEL,     14.99 ,
207,"882-15 (S,M,L,XL) MENTA",     24.99 ,
208,"366-21 (5,7,9,11,13) CAMEL",     28.99 ,
208,825-16 (S/M Y L/XL) TRIO MULTICOLOR,    13.99 ,
208,"925-13 (S,M,L,XL) MULTICOLOR",     17.99 ,
209,"972-01 (S,M,L,XL) AZUL REY/ESTAMPADO",     13.99 ,
210,"963-09 (S,M,L,XL) AMARILLO",     17.99 ,
210,"972-01 (S,M,L,XL) AZUL REY/ESTAMPADO",      13.99 ,
211,"954-13 (5,7,9,11,13) BLANCO",     24.99 ,
211,"967-03 (S,M,L,XL) AZUL",     14.99 ,
212,"206-42 (S,M,L,XL) AZUL MEZCLILLA",     30.99 ,
213,"957-30 (S,M,L,XL) MEZCLILLA AZUL",     21.99 ,
214,"932-30 (S,M,L,XL) BLANCO",     19.99 ,
214,"957-30 (S,M,L,XL) MEZCLILLA AZUL",     21.99 ,
215,"812-11 (S,M,L,XL) CORAL",     33.99 ,
216,825-17 (S/M Y L/XL) ORO/CAMEL,     14.99 ,
216,"126-37 (S,M,L,XL) AZUL/MULTICOLOR",     25.99 ,
217,"118-06 (5,7,9,11,13) AZUL CLARO",     29.99 ,
217,795-09 (S/M Y L/XL) MIEL/ORO,     12.99 ,
217,"135-43 (S,M,L,XL) MULTICOLOR",     29.99 ,
219,"209-10 (5,7,9,11,13) ROSA",     20.99 ,
219,"989-01 (S,M,L,XL) GRIS MULTICOLOR",     17.99 ,
220,"302-35 (S,M,L,XL) MULTICOLOR",     24.99 ,
221,"315-59 (5,7,9,11,13) AZUL",     30.99 ,
222,"315-59 (5,7,9,11,13) AZUL",     30.99 ,
222,"176-65 (S,M,L,XL) ARENA",     21.99 ,
223,"963-12 (S,M,L,XL) AZUL MARINO",     17.99 ,
223,612-15 (S/M Y L/XL) ORO/ANTIMONIO,     13.99 ,
223,"921-28 (S,M,L,XL) BLANCO",     20.99 ,
224,396-37 (S/M Y L/XL) MIEL,     13.99 ,
224,"268-50 (S,M,L,XL) MULTICOLOR",     24.99 ,
225,"792-10 (S,M,L,XL) MULTICOLOR",     18.99 ,
225,612-14 (S/M Y L/XL) NEGRO/ORO,     14.99 ,
225,"125-85 (S,M,L,XL) IVORY",     15.99 ,
226,"582-06 (S,M,L,XL) MULTICOLOR",     25.99 ,
227,"169-58 (5,7,9,11,13) AZUL CLARO",     23.99 ,
228,"169-58 (5,7,9,11,13) AZUL CLARO",     23.99 ,
228,"166-69 (S,M,L,XL) CUADROS MULTICOLOR",     28.99 ,
229,"887-32 (S,M,L,XL) KAQUI",     23.99 ,
229,"296-51 (S,M,L,XL) MULTICOLOR",     22.99 ,
230,"166-66 (S,M,L,XL) ROSA",     34.99 ,
231,"929-18 (S,M,L,XL) AMARILLO/NARANJA",     20.99 ,
231,825-17 (S/M Y L/XL) ORO/CAMEL,     14.99 ,
231,"315-59 (5,7,9,11,13) AZUL",     30.99 ,
232,"118-07 (5,7,9,11,13) AZUL MEZCLILLA",     21.99 ,
232,"296-53 (S,M,L,XL) IVORY MULTICOLOR",     19.99 ,
233,"219-75 (S,M,L,XL) BLANCO",     27.99 ,
234,"315-60 (S,M,L,XL) AZUL CLARO",     35.99 ,
235,"946-08 (S,M,L,XL) AZUL/BLANCO",     18.99 ,
235,"118-05 (5,7,9,11,13) AZUL MEZCLILLA",     29.99 ,
236,"946-08 (S,M,L,XL) ROSA/BLANCO",     18.99 ,
236,"970-40 (5,7,9,11,13) BLANCO",     30.99 ,
237,"908-08 (S,M,L,XL) BLANCO",     18.99 ,
238,"908-08 (S,M,L,XL) MEZCLILLA",     18.99 ,
238,"118-07 (5,7,9,11,13) AZUL MEZCLILLA",     21.99 ,
238,825-17 (S/M Y L/XL) ORO/CAMEL,     14.99 ,
239,"929-21 (S,M,L,XL) AQUA",     19.99 ,
239,"887-32 (S,M,L,XL) KAQUI",     23.99 ,
240,"929-21 (S,M,L,XL) SALMON",     19.99 ,
240,"981-27 (5,7,9,11,13) AZUL INDIGO",     24.99 ,
241,"928-01 (S,M,L,XL) AZUL CIELO",     24.99 ,
241,"210-35 (5,7,9,11,13) AZUL INDIGO/ORO",     29.99 ,
242,"928-01 (S,M,L,XL) NEGRO",     24.99 ,
242,"972-03 (S,M,L,XL) VERDE JADE",     13.99 ,
243,612-15 (S/M Y L/XL) ORO/ANTIMONIO,     13.99 ,
243,"130-28 (S,M,L,XL) JADE",     25.99 ,
244,"200-04 (S,M,L,XL) ROJO/IVORY",     21.99 ,
245,"966-06 (S,M,L,XL) AMARILLO/BLANCO",     21.99 ,
245,"812-13 (S,M,L,XL) MULTICOLOR",     17.99 ,
246,"966-04 (S,M,L,XL) VERDE/FIUSHA",     18.99 ,
246,"210-35 (5,7,9,11,13) AZUL INDIGO/ORO",     29.99 ,
247,"990-14 (5,7,9,11,13) KAQUI",     27.99 ,
248,"966-09 (S,M,L,XL) VERDE/MARINO",     24.99 ,
248,"990-14 (5,7,9,11,13) KAQUI",     27.99 ,
249,"200-05 (S,M,L,XL) NEGRO/IVORY",     19.99 ,
249,"179-48 (S,M,L,XL) ROJO/NEGRO",     27.99 ,
250,825-16 (S/M Y L/XL) TRIO MULTICOLOR,     13.99 ,
250,"936-21 (S,M,L,XL) NEGRO/GRIS",     25.99 ,
251,"125-82 (S,M,L,XL) CORAL",     14.99 ,
252,"125-82 (S,M,L,XL) CORAL",     14.99 ,
252,"936-20 (S,M,L,XL) IVORY/MULTICOLOR",     23.99 ,
253,"966-07 (S,M,L,XL) NARANJA/UVA",     15.99 ,
253,"315-59 (5,7,9,11,13) AZUL",     30.99 ,
254,730-30 ONE SIZE NEGRO/ORO,     14.99 ,
254,795-09 (S/M Y L/XL) MIEL/ORO,     12.99 ,
254,612-14 (S/M Y L/XL) NEGRO/ORO,     14.99 ,
254,396-37 (S/M Y L/XL) MIEL,     13.99 ,
254,612-15 (S/M Y L/XL) ORO/ANTIMONIO,     13.99 ,
255,825-15 (S/M Y L/XL) CAFÉ,     13.99 ,
255,825-18 (S/M Y L/XL) NEGRO/ORO,     14.99 ,
255,730-28 ONE SIZE ORO,     10.99 ,
255,772-02 (S/M Y L/XL) MIEL,     14.99 ,
255,825-17 (S/M Y L/XL) ORO/CAMEL,     14.99 ,
256,772-03 (S/M Y L/XL) NEGRO,     14.99 ,
256,396-36 (S/M Y L/XL) CHOCOLATE,     18.99 ,
256,825-16 (S/M Y L/XL) TRIO MULTICOLOR,     13.99 ,
256,730-29 ONE SIZE ORO,        8.99 ,
256,396-38 (S/M Y L/XL) NEGRO,     14.99 ,
256,396-39 (S/M Y L/XL) ORO,     14.99 ,
257,"168-13 (5,7,9,11,13) AZUL MEZCLILLA",     27.99 ,
257,121-01 (S/M Y L/XL) PIEL,     11.99 ,
258,269-13 (S/M Y L/XL) IVORY,        8.99 ,
258,269-12 (S/M Y L/XL) PIEL,     14.99 ,
