PAGINA,MODELO,PRECIO
1,"166-71 (S,M,L,XL) CORAL",24.9
2,"887-40 (S,M,L,XL) MARINO MULTICOLOR",31.9
2,825-17 (S/M - L/XL) ORO CAMEL,15.9
3,"088-05 (S,M,L,XL) AZUL REY",16.99
3,"972-01 (S,M,L,XL) AZUL REY/ESTAMPADO",16.99
4,"219-76 (S,M,L,XL) IVORY",26.99
5,"209-20 (S,M,L,XL) FIUSHA",25.99
6,"975-04 (S,M,L,XL) AMARILLO",25.99
6,"792-10 (S,M,L,XL) MULTICOLOR",19.9
7,"282-22 (S,M,L,XL) IVORY/NEGRO",32.99
8,"921-27 (S,M,L,XL) ANIMAL PRINT",35.99
9,"582-09 (S,M,L,XL) MULTICOLOR",33.99
9,825-17 (S/M - L/XL) ORO CAMEL,15.99
10,"251-83 (S,M,L,XL) NEGRO",22.99
10,"881-04 (5,7,9,11,13) BLANCO",27.99
11,"129-47 (S,M,L,XL) AZUL REY",24.99
11,"970-39 (5,7,9,11,13) AZUL INDIGO",30.99
12,"212-28 (S,M,L,XL) MULTICOLOR",27.99
13,"103-26 (5,7,9,11,13) NEGRO",20.99
14,"110-20 (S,M,L,XL) BLANCO",14.99
14,"103-26 (5,7,9,11,13) NEGRO",20.9
15,"273-71 (S,M,L,XL) IVORY",31.99
16,"751-11 (S,M,L,XL) NEGRO/BLANCO",28.99
16,612-15 (S/M - L/XL) ORO/ANTIMONIO,14.99
17,"925-14 (S,M,L,XL) MAQUILLAJE/MULTICOLOR",13.99
17,"118-05 (5,7,9,11,13) AZUL MEZCLILLA",30.99
18,"153-37 (S,M,L,XL) CORAL",25.99
18,"970-40 (5,7,9,11,13) BLANCO",31.99
19,"208-22 (S,M,L,XL) MANDARINA",21.99
19,"088-03 (S,M,L,XL) AZUL MARINO",16.99
20,"903-05 (S,M,L,XL) FIUSHA",18.99
20,"103-26 (5,7,9,11,13) NEGRO",20.99
21,"162-33 (S,M,L,XL) NEGRO",19.99
21,"970-40 (5,7,9,11,13) BLANCO",31.99
22,"135-44 (S,M,L,XL) IVORY",22.99
22,"972-03 (S,M,L,XL) VERDE JADE",14.99
23,"209-19 (S,M,L,XL) VERDE AQUA",26.99
24,"582-11 (S,M,L,XL) MULTICOLOR",26.99
25,"582-08 (S,M,L,XL) MULTICOLOR",19.99
26,"166-70 (S,M,L,XL) ROJO",22.99
26,"118-07 (5,7,9,11,13) AZUL MEZCLILLA",22.99
27,"200-07 (S,M,L,XL) IVORY",19.99
27,"200-08 (S,M,L,XL) AZUL REY",23.99
28,"200-07 (S,M,L,XL) IVORY",19.99
28,"200-08 (S,M,L,XL) AZUL REY",23.99
29,"985-04 (S,M,L,XL) BUGAMBILIA",26.99
30,"939-28 (S,M,L,XL) AZUL",24.99
33,"928-24 (S,M,L,XL) NEGRO",31.99
34,"928-27 (S,M,L,XL) BLANCO",31.99
35,"360-28 (S,M,L,XL) AZUL CIELO",22.99
35,"972-02 (S,M,L,XL) IVORY ESTAMPADO",19.99
36,"920-35 (S,M,L,XL) CORAL",17.99
36,"990-15 (5,7,9,11,13) ARENA",28.99
37,"179-50 (S,M,L,XL) MENTA",17.99
37,"970-38 (5,7,9,11,13) AZUL INDIGO",31.99
38,"582-10 (S,M,L,XL) MULTICOLOR",28.99
39,"980-23 (S,M,L,XL) ROSA",21.99
39,"200-08 (S,M,L,XL) AZUL REY",23.99
40,"712-70 (S,M,L,XL) BUGAMBILIA",28.99
41,"135-45 (S,M,L,XL) IVORY",25.99
41,"972-02 (S,M,L,XL) IVORY/ESTAMPADO",19.99
42,"135-45 (S,M,L,XL) IVORY",25.99
42,"972-02 (S,M,L,XL) IVORY/ESTAMPADO",19.99
43,"110-21 (S,M,L,XL) MENTA MULTICOLOR",17.99
43,"209-10 (5,7,9,11,13) ROSA",21.99
44,"223-17 (S,M,L,XL) BLANCO/MULTICOLOR",23.99
44,"118-05 (5,7,9,11,13) AZUL MEZCLILLA",30.99
45,"726-22 (S,M,L,XL) MARINO/BLANCO",19.99
46,"268-51 (S,M,L,XL) BLANCO",23.99
46,"169-58 (5,7,9,11,13) AZUL CLARO",24.99
47,"928-23 (S,M,L,XL) VERDE JADE",24.99
47,"970-39 (5,7,9,11,13) AZUL INDIGO",30.99
48,"268-52 (S,M,L,XL) MULTICOLOR",25.99
49,"153-38 (S,M,L,XL) AZUL MARINO",24.99
49,"970-40 (5,7,9,11,13) BLANCO",31.99
50,"162-32 (S,M,L,XL) ROJO",17.99
50,"210-35 (5,7,9,11,13) AZUL INDIGO/ORO",30.99
51,"296-56 (S,M,L,XL) AZUL MARINO",26.99
51,"209-10 (5,7,9,11,13) ROSA",21.99
52,"887-41 (S,M,L,XL) IVORY",29.99
53,914-02 (S/M - L/XL) AMARILLO/MENTA,17.99
54,914-02 (S/M - L/XL) AMARILLO/MENTA,17.99
54,"972-02 (S,M,L,XL) IVORY ESTAMPADO",19.99
55,"967-04 (S,M,L,XL) CORAL",19.99
55,795-09 (S/M - L/XL) MIEL/ORO,13.99
56,"939-21 (S,M,L,XL) DURAZNO",23.99
56,"118-05 (5,7,9,11,13) AZUL MEZCLILLA",30.99
56,396-37 (S/M - L/XL) MIEL,14.99
56,"932-30 (S,M,L,XL) BLANCO",20.99
56,"228-22 (5,7,9,11,13) AZUL MEZCLILLA",35.99
57,"166-69 (S,M,L,XL) CUADROS MULTICOLOR",29.99
57,"110-20 (S,M,L,XL) BLANCO",14.99
57,"118-07 (5,7,9,11,13) AZUL MEZCLILLA",22.99
57,"985-03 (S,M,L,XL) IVORY",30.99
57,"209-19 (S,M,L,XL) VERDE AQUA",26.99
