,CABALLERO,
2,PORTADILLA,0.10
3,PORTADILLA,0.10
4,0192 Camisa Moda Montero Manga Larga ,21.25
5,0192 Camisa Moda Montero Manga 3/4,21.25
6,0191 Camisa Moda Montero Manga Larga ,20.00
7,0191 Camisa Moda Montero Manga 3/4,20.00
8,0194 Camisa Moda Montero Manga Larga ,21.25
9,0194 Camisa Moda Montero Manga 3/4,21.25
10,449 Camisa Moda Montero Manga Larga ,20.63
11,449 Camisa Moda Montero Manga 3/4,20.63
12,444 Camisa Moda Montero Manga Larga,21.88
13,444 Camisa Moda Montero Manga 3/4,21.88
14,0196 Camisa Moda Montero Manga Larga ,20.63
15,0196 Camisa Moda Montero Manga 3/4,20.63
16,0186 Camisa Moda Montero Manga Larga ,20.00
17,0186 Camisa Moda Montero Manga 3/4,20.00
18,0193 Camisa Moda Montero Manga Larga,20.63
19,0193 Camisa Moda Montero Manga 3/4,20.63
20,442 Camisa Moda Montero Manga Larga,18.13
21,442 Camisa Moda Montero Manga 3/4,18.13
22,446 Camisa Moda Montero Manga Larga,20.00
23,446 Camisa Moda Montero Manga 3/4,20.00
24,447 Camisa Moda Montero Manga Larga ,21.88
25,447 Camisa Moda Montero Manga 3/4,21.88
26,0198 Camisa Moda Montero Manga Larga ,20.63
27,0198 Camisa Moda Montero Manga 3/4,20.63
28,0195 Camisa Moda Montero Manga Larga ,20.63
29,0195 Camisa Moda Montero Manga 3/4,20.63
30,450 Camisa Moda Montero Manga Larga,19.38
31,450 Camisa Moda Montero Manga 3/4,19.38
32,443 Camisa Moda Montero Manga Larga ,20.63
33,443 Camisa Moda Montero Manga 3/4,20.63
34,454 Camisa Moda Montero Manga Larga ,19.38
34,454 Camisa Moda Montero Manga 3/4,19.38
35,455 Camisa Moda Montero Manga Larga ,19.38
35,455 Camisa Moda Montero Manga 3/4,19.38
36,0197 Camisa Moda Montero Manga Larga ,20.63
37,0197 Camisa Moda Montero Manga 3/4,20.63
38,445 Camisa Moda Montero Manga Larga,20.63
39,445 Camisa Moda Montero Manga 3/4,20.63
40,448 Camisa Moda Montero Manga Larga,20.63
41,448 Camisa Moda Montero Manga 3/4,20.63
42,451 Camisa Moda Montero Manga Larga,20.63
43,451 Camisa Moda Montero Manga 3/4,20.63
44,ITALIA-15 Camisa Montero EUROPEA Manga Larga ,43.13
45,ITALIA-16 Camisa Montero EUROPEA Manga Larga ,43.13
46,ITALIA-17 Camisa Montero EUROPEA Manga Larga ,43.13
47,ITALIA-14 Camisa Montero EUROPEA Manga Larga ,43.13
48,ITALIA-13 Camisa Montero EUROPEA Manga Larga ,43.13
49,ITALIA-11 Camisa Montero EUROPEA Manga Larga ,43.13
50,437 Camisa Moda Montero Manga Larga ,18.13
51,437 Camisa Moda Montero Manga 3/4,18.13
52,562 Camisa Moda Montero BLACK LABEL Manga Larga,18.13
53,562 Camisa Moda Montero BLACK LABEL Manga 3/4,18.13
54,554 Camisa Moda Montero BLACK LABEL Manga Larga ,21.88
55,554 Camisa Moda Montero BLACK LABEL Manga 3/4,21.88
56,PORTADILLA,0.10
57,3508 Camisa Charra Moda Montero,30.63
58,3500 Camisa Charra Moda Montero,23.13
59,3501 Camisa Charra Moda Montero,24.38
60,3502 Camisa Charra Moda Montero,21.88
61,3504 Camisa Charra Moda Montero,21.88
62,3505 Camisa Charra Moda Montero,23.13
63,3506 Camisa Charra Moda Montero,23.13
64,561 Camisa Moda Montero BLACK LABEL Manga Larga ,21.88
65,561 Camisa Moda Montero BLACK LABEL Manga 3/4,21.88
66,0181 Camisa Moda Montero Manga Larga y Manga 3/4,18.13
67,0181 Camisa Moda Montero Manga Larga y Manga 3/4,18.13
68,0183 Camisa Moda Montero Manga Larga y Manga 3/4,18.13
69,0183 Camisa Moda Montero Manga Larga y Manga 3/4,18.13
70,553 Camisa Moda Montero BLACK LABEL Manga Larga,18.13
71,553 Camisa Moda Montero BLACK LABEL Manga 3/4,18.13
72,560 Camisa Moda Montero BLACK LABEL Manga Larga ,24.38
73,560 Camisa Moda Montero BLACK LABEL Manga 3/4,24.38
74,558 Camisa Moda Montero BLACK LABEL Manga Larga ,24.38
74,558 Camisa Moda Montero BLACK LABEL Manga 3/4,24.38
75,555 Camisa Moda Montero BLACK LABEL Manga Larga,20.63
75,555 Camisa Moda Montero BLACK LABEL Manga 3/4,20.63
76,436 Camisa Moda Montero Manga Larga ,18.13
76,436 Camisa Moda Montero Manga 3/4,18.13
77,430 Camisa Moda Montero Manga Larga ,18.13
77,430 Camisa Moda Montero Manga 3/4,18.13
78,431 Camisa Moda Montero Manga Larga,15.63
79,431 Camisa Moda Montero Manga 3/4,15.63
78,435 Camisa Moda Montero Manga Larga ,18.13
79,435 Camisa Moda Montero Manga 3/4,18.13
78,559 Camisa Moda Montero Manga Larga ,18.13
79,559 Camisa Moda Montero Manga 3/4,18.13
80,0182 Camisa Moda Montero Manga Larga ,18.13
81,0182 Camisa Moda Montero Manga 3/4,18.13
82,420 Camisa Moda Montero Manga Larga (Precio en Especial),16.00
83,420 Camisa Moda Montero Manga 3/4 (Precio en Especial),16.00
84,434 Camisa Moda Montero Manga Larga,18.13
84,434 Camisa Moda Montero Manga 3/4,18.13
84,432 Camisa Moda Montero Manga Larga,18.13
84,432 Camisa Moda Montero Manga 3/4,18.13
84,0179 Camisa Moda Montero Manga Larga,18.13
84,0179 Camisa Moda Montero Manga 3/4,18.13
85,0161 Camisa Moda Montero Manga Larga (Precio en Especial) ,16.00
86,0184 Camisa Moda Montero Manga Larga (Precio en Especial),16.50
87,0184 Camisa Moda Montero Manga 3/4 (Precio en Especial),14.50
88,0180 Camisa Moda Montero Manga Larga (Precio en Especial),14.50
89,0180 Camisa Moda Montero Manga 3/4 (Precio en Especial),14.50
90,0159 Camisa Moda Montero Manga Larga (Precio en Especial),14.50
91,0159 Camisa Moda Montero Manga 3/4 (Precio en Especial),14.50
92,414 Camisa Moda Montero Manga Larga  (Precio en Especial),14.50
92,414 Camisa Moda Montero Manga 3/4 (Precio en Especial),14.50
93,414 Camisa Moda Montero Manga Larga  (Precio en Especial),14.50
93,414 Camisa Moda Montero Manga 3/4 (Precio en Especial),14.50
94,422 Camisa Moda Montero Manga Larga  (Precio en Especial),16.00
94,422 Camisa Moda Montero Manga 3/4 (Precio en Especial),16.00
95,422 Camisa Moda Montero Manga Larga (Precio en Especial),16.00
95,422 Camisa Moda Montero Manga 3/4 (Precio en Especial),16.00
96,402 Camisa Moda Montero Manga Larga (Precio en Especial),13.00
96,402 Camisa Moda Montero Manga 3/4 (Precio en Especial),13.00
96,402 Camisa Moda Montero Manga Larga (Precio en Especial),13.00
96,402 Camisa Moda Montero Manga 3/4 (Precio en Especial),13.00
97,0153 Camisa Moda Montero Manga Larga (Precio en Especial),13.00
97,0153 Camisa Moda Montero Manga 3/4 (Precio en Especial),13.00
97,0153 Camisa Moda Montero Manga Larga (Precio en Especial),13.00
97,0153 Camisa Moda Montero  Manga 3/4 (Precio en Especial),13.00
98,0154 Camisa Moda Montero Manga Larga (Precio en Especial),13.00
98,0154 Camisa Moda Montero Manga 3/4 (Precio en Especial),13.00
98,0154 Camisa Moda Montero Manga Larga (Precio en Especial),13.00
98,0154 Camisa Moda Montero Manga 3/4 (Precio en Especial),13.00
99,0143 Camisa Moda Montero Manga Larga (Precio en Especial),13.00
99,0143 Camisa Moda Montero Manga 3/4 (Precio en Especial),13.00
99,0143 Camisa Moda Montero Manga Larga (Precio en Especial),13.00
99,0143 Camisa Moda Montero Manga 3/4 (Precio en Especial),13.00
100,0162 Camisa Moda Montero Manga Larga (Precio en Especial),14.50
100,0162 Camisa Moda Montero Manga 3/4 (Precio en Especial),14.50
100,404 Camisa Moda Montero Manga Larga (Precio en Especial),14.50
100,404 Camisa Moda Montero Manga 3/4 (Precio en Especial),14.50
101,408 Camisa Moda Montero Manga Larga (Precio en Especial),10.00
101,408 Camisa Moda Montero Manga 3/4 (Precio en Especial),10.00
101,286 Camisa Moda Montero Manga Larga (Precio en Especial),10.00
101,286 Camisa Moda Montero Manga 3/4 (Precio en Especial),10.00
101,292 Camisa Moda Montero Manga Larga (Precio en Especial),10.00
101,292 Camisa Moda Montero Manga 3/4 (Precio en Especial),10.00
102,418 Camisa Moda Montero Manga Larga (Precio en Especial),13.50
102,418 Camisa Moda Montero Manga 3/4 (Precio en Especial),13.50
102,401 Camisa Moda Montero Manga Larga (Precio en Especial),13.50
102,401 Camisa Moda Montero Manga 3/4 (Precio en Especial),13.50
102,401 Camisa Moda Montero Manga Larga (Precio en Especial),13.50
102,401 Camisa Moda Montero Manga 3/4 (Precio en Especial),13.50
103,407 Camisa Moda Montero Manga Larga (Precio en Especial),12.00
103,407 Camisa Moda Montero Manga 3/4 (Precio en Especial),12.00
103,0189 Camisa Moda Montero Manga Larga (Precio en Especial),16.00
103,0189 Camisa Moda Montero Manga 3/4 (Precio en Especial),16.00
104,296 Camisa Moda Montero Manga Larga (Precio en Especial),11.20
104,296 Camisa Moda Montero Manga 3/4 (Precio en Especial),11.20
104,0187 Camisa Moda Montero Manga Larga (Precio en Especial),16.00
104,0187 Camisa Moda Montero Manga 3/4 (Precio en Especial),16.00
105,415 Camisa Moda Montero Manga Larga (Precio en Especial),14.50
105,415 Camisa Moda Montero Manga 3/4 (Precio en Especial),14.50
105,0160 Camisa Moda Montero Manga Larga (Precio en Especial),14.50
105,0160 Camisa Moda Montero Manga 3/4 (Precio en Especial),14.50
106,406 Camisa Moda Montero Manga Larga (Precio en Especial),10.00
106,406 Camisa Moda Montero Manga 3/4 (Precio en Especial),10.00
106,406 Camisa Moda Montero Manga Larga (Precio en Especial),10.00
106,406 Camisa Moda Montero Manga 3/4 (Precio en Especial),10.00
106,438 Camisa Moda Montero Manga Larga (Precio en Especial),15.63
106,438 Camisa Moda Montero Manga 3/4 (Precio en Especial),15.63
107,405 Camisa Moda Montero Manga Larga (Precio en Especial) ,13.00
107,405 Camisa Moda Montero Manga Larga (Precio en Especial) ,13.00
107,0155 Camisa Moda Montero Manga Larga (Precio en Especial) ,13.00
107,0155 Camisa Moda Montero Manga Larga (Precio en Especial) ,13.00
107,417 Camisa Moda Montero Manga Larga (Precio en Especial) ,13.00
107,417 Camisa Moda Montero Manga Larga (Precio en Especial) ,13.00
107,416 Camisa Moda Montero Manga Larga (Precio en Especial) ,13.00
107,416 Camisa Moda Montero Manga Larga (Precio en Especial) ,13.00
108,529 Pantalón Moda Montero BLACK LABEL,30.63
109,527 Pantalón Moda Montero BLACK LABEL,30.63
110,525 Pantalón Moda Montero BLACK LABEL,30.63
111,530 Pantalón Moda Montero BLACK LABEL,30.63
112,526 Pantalón Moda Montero BLACK LABEL,30.63
113,518 Pantalón Moda Montero BLACK LABEL,30.63
114,516 Pantalón Moda Montero BLACK LABEL,30.63
115,515 Pantalón Moda Montero BLACK LABEL,26.88
116,514 Pantalón Moda Montero BLACK LABEL,26.88
117,522 Pantalón Moda Montero BLACK LABEL,30.63
117,517 Pantalón Moda Montero BLACK LABEL,30.63
118,900 Pantalón Moda Montero SILVER EDITION,28.13
119,900 Pantalón Moda Montero SILVER EDITION,28.13
120,901 Pantalón Moda Montero SILVER EDITION,28.13
121,901 Pantalón Moda Montero SILVER EDITION,28.13
122,902 Pantalón Moda Montero SILVER EDITION,26.88
123,902 Pantalón Moda Montero SILVER EDITION,26.88
124,903 Pantalón Moda Montero SILVER EDITION,26.88
125,903 Pantalón Moda Montero SILVER EDITION,26.88
126,683 Pantalón Moda Montero,21.88
127,682 Pantalón Moda Montero,21.88
128,681 Pantalón Moda Montero,20.63
129,684 Pantalón Moda Montero,21.88
130,680 Pantalón Moda Montero,21.88
130,672 Pantalón Moda Montero,21.88
131,673 Pantalón Moda Montero,20.63
132,820 Pantalón Moda Montero,18.13
133,822 Pantalón Moda Montero,20.63
134,823 Pantalón Moda Montero,20.63
134,821 Pantalón Moda Montero,20.63
135,671 Pantalón Moda Montero,20.63
136,821 Pantalón Moda Montero,20.63
136,818 Pantalón Moda Montero (Precio en Especial),17.00
137,816 Pantalón Moda Montero (Precio en Especial),17.00
138,663 Pantalón Moda Montero (Precio en Especial),17.00
139,815 Pantalón Moda Montero (Precio en Especial),17.00
140,819 Pantalón Moda Montero (Precio en Especial),17.00
141,817 Pantalón Moda Montero (Precio en Especial),17.00
141,661 Pantalón Moda Montero (Precio en Especial),17.00
142,W-82 Pantalón Wrangler Original Polyester,36.88
143,W-936 Pantalón Wrangler Original Mezclilla,42.50
144,2105 Saco De Vestir Moda Montero,40.00
145,2107 Saco De Vestir Moda Montero,40.00
146,2106 Saco De Vestir Moda Montero,40.00
147,2108 Saco De Vestir Moda Montero,40.00
148,2100 Saco Fino Moda Montero,36.88
149,2101 Saco Fino Moda Montero,36.88
150,2104 Saco Fino Moda Montero,36.88
151,2110 Saco Fino Moda Montero,36.88
152,2103 Saco Fino Moda Montero,36.88
153,2112 Saco Fino Moda Montero,36.88
154,2109 Saco Fino Moda Montero,36.88
155,2111 Saco Fino Moda Montero,36.88
156,2102 Saco Fino Moda Montero,36.88
157,668 Saco Moda Montero,34.38
157,665 Saco Moda Montero,34.38
157,667 Saco Moda Montero,34.38
158,666 Saco Moda Montero,34.38
158,650 Saco Moda Montero,34.38
159,651 Saco Moda Montero,34.38
160,22AVN Bota Exótica Original Avestruz con Piel Horma Juarez,199.00
160,22AVC Bota Exótica Original Avestruz con Piel Horma Juarez,199.00
160,22AVH Bota Exótica Original Avestruz con Piel Horma Juarez,199.00
161,22AVK Bota Exótica Original Avestruz con Piel Horma Juarez,199.00
161,22AVB Bota Exótica Original Avestruz con Piel Horma Juarez,199.00
161,22PAV Bota Exótica Original Pata de Avestruz con Piel Horma Juarez,156.25
162,23PHN Bota Exótica Original Python Completa Horma Juarez,168.75
162,23PHC Bota Exótica Original Python Completa Horma Juarez,168.75
162,22PHN Bota Exótica Original Python Piel Horma Juarez,161.25
162,22PHC Bota Exótica Original Python Piel Horma Juarez,161.25
163,22CAC Bota Exótica Original Caiman Piel Horma Juarez,210.00
163,22CAB Bota Exótica Original Caiman Piel Horma Juarez,210.00
163,22CAN Bota Exótica Original Caiman Piel Horma Juarez,210.00
163,33CAC Bota Exótica Original Caiman Piel Horma Maxima (Precio Especial),111.25
164,T100N Texana Montero Original Calidad 100X Color Negra ,161.25
164,T100B Texana Montero Original Calidad 100X Color Belly,173.25
165,T100N Texana Montero Original Calidad 100X Color Negra ,161.25
165,T100B Texana Montero Original Calidad 100X Color Belly,173.25
166,T50 Texana Montero Original Calidad 50X,61.88
167,T50 Texana Montero Original Calidad 50X,61.88
168,T20 Texana Montero Original Calidad 20X,48.75
169,T10 Texana Montero Original Calidad 10X,30.00
170,0172 Track Jacket Moda Montero,20.63
171,0173 Track Jacket Moda Montero,20.63
172,0171 Chamarra Moda Montero,23.13
173,0170 Chamarra Moda Montero,23.13
174,0169 Chaleco Moda Montero ,20.00
175,0168 Chaleco Moda Montero ,20.00
176,335 Playera Moda Montero,13.13
176,331 Playera Moda Montero,13.13
177,334 Playera Moda Montero,13.13
177,332 Playera Moda Montero,13.13
178,333 Playera Moda Montero,13.13
178,327 Playera Moda Montero (Precio en Especial),12.00
179,326 Playera Moda Montero (Precio en Especial),12.00
179,330 Playera Moda Montero,13.13
179,329 Playera Moda Montero,13.13
180,8304 Zapato Moda Danesi,40.00
180,8305 Zapato Moda Danesi,40.00
180,8301 Zapato Moda Danesi,40.00
181,8502 Zapato Moda Danesi,37.50
181,8105 Zapato Moda Danesi,37.50
181,8505 Zapato Moda Danesi,37.50
182,4425 Bota Moda Danesi,45.00
182,8903 Bota Moda Danesi,42.50
182,3513 Bota Moda Danesi,43.75
183,7510 Bota Moda Danesi,46.88
183,7325 Bota Moda Danesi,46.88
183,7330 Bota Moda Danesi,46.88
183,7331 Bota Moda Danesi,43.75
184,5128 Zapato Moda Danesi,40.00
184,3515 Zapato Moda Danesi,40.00
184,3514 Zapato Moda Danesi,40.00
185,5151 Zapato Moda Danesi,40.00
185,7705 Zapato Moda Danesi,40.00
186,5150 Zapato Moda Danesi,40.00
186,3445 Zapato Moda Danesi,40.00
187,5146 Zapato Moda Danesi,40.00
187,5153 Zapato Moda Danesi,40.00
187,5152 Zapato Moda Danesi,40.00
188,DR-23 Cinto de Herraje Ancho Exótico Caiman Original,73.75
188,DR-23 Cinto de Herraje Ancho Exótico Avestruz Original,73.75
188,DR-23PA Cinto de Herraje Ancho Exótico Pata de Avestruz Original,61.25
188,DR-22 Cinto de Herraje Ancho Exótico Caiman Original,73.75
188,DR-22 Cinto de Herraje Ancho Exótico Avestruz Original,73.75
188,DR-22PA Cinto de Herraje Ancho Exótico Pata de Avestruz Original,61.25
189,DR-24 Cinto de Herraje Ancho Exótico Caiman Original,73.75
189,DR-24 Cinto de Herraje Ancho Exótico Avestruz Original,73.75
189,DR-24PA Cinto de Herraje Ancho Exótico Pata de Avestruz Original,61.25
189,HGC-22 Cinto de Herraje Ancho Exótico Caiman Original,73.75
189,HGC-22 Cinto de Herraje Ancho Exótico Avestruz Original,73.75
189,HGC-22PA Cinto de Herraje Ancho Exótico Pata de Avestruz Original,61.25
190,HS-20 Cinto de Herraje Ancho Exótico Caiman Original,81.25
190,HS-20 Cinto de Herraje Ancho Exótico Avestruz Original,81.25
190,HS-20P Cinto de Herraje Ancho Exótico Phyton Original,75.00
190,HS-20PA Cinto de Herraje Ancho Exótico Pata de Avestruz Original,68.75
191,DHS-10P Cinto de Herraje Ancho Exótico Phyton Original,67.50
191,DHS-10PA Cinto de Herraje Ancho Exótico Pata de Avestruz Original,61.25
191,DHS-10 Cinto de Herraje Ancho Exótico Caiman Original,73.75
191,DHS-10 Cinto de Herraje Ancho Exótico Avestruz Original,73.75
191,DHG-10P Cinto de Herraje Ancho Exótico Phyton Original,67.50
191,DHG-10PA Cinto de Herraje Ancho Exótico Pata de Avestruz Original,61.25
191,DHG-10 Cinto de Herraje Ancho Exótico Caiman Original,73.75
191,DHG-10 Cinto de Herraje Ancho Exótico Avestruz Original,73.75
192,DHR-08 Cinto de Herraje Ancho Exótico Caiman Original,73.75
192,DHR-08 Cinto de Herraje Ancho Exótico Avestruz Original,73.75
192,DHR-08PA Cinto de Herraje Ancho Exótico Pata de Avestruz Original,61.25
192,DHR-08P Cinto de Herraje Ancho Exótico Phyton Original,67.50
192,DHC-08 Cinto de Herraje Ancho Exótico Caiman Original,73.75
192,DHC-08 Cinto de Herraje Ancho Exótico Avestruz Original,73.75
192,DHC-08P Cinto de Herraje Ancho Exótico Phyton Original,67.50
192,DHC-08PA Cinto de Herraje Ancho Exótico Pata de Avestruz Original,61.25
193,HSN-14 Cinto de Herraje Ancho Exótico Avestruz Original,73.75
193,HSN-14 Cinto de Herraje Ancho Exótico Caiman Original,73.75
193,HSN-14PA Cinto de Herraje Ancho Exótico Pata de Avestruz Original,61.25
193,HSN-14P Cinto de Herraje Ancho Exótico Phyton Original,67.50
194,VA-1 Cinto Vaquero Exótico Piel de Avestruz Original,61.25
194,VC-2 Cinto Vaquero Exótico Piel de Caiman Original,61.25
194,VP-3 Cinto Vaquero Exótico Piel de Phyton Original,47.50
194,VPA-4 Cinto Vaquero Exótico Piel de Pata de Avestruz Original,42.50
195,AH7 Cinto de Herraje Ancho Exótico Piel de Caiman Original,62.50
195,AH7-PA Cinto de Herraje Ancho Exótico Pata de Avestruz Original,47.50
195,AH7-P Cinto de Herraje Ancho Exótico Phyton Original,51.25
195,AH7-T Cinto de Herraje Ancho de Tela Importada,42.50
195,AH8 Cinto de Herraje Ancho Exótico Caiman Original,68.75
195,AH8 Cinto de Herraje Ancho Exótico Avestruz Original,68.75
196,VL-1 Cinto Vaquero de Panza de Avestruz Original,23.75
196,HS-20L Cinto de Herraje de Panza de Avestruz Original,50.00
196,DHS-10L Cinto de Herraje de Panza de Avestruz Original,40.00
196,DHG-10L Cinto de Herraje de Panza de Avestruz Original,40.00
196,DHC-08L Cinto de Herraje de Panza de Avestruz Original,40.00
196,DHR-08L Cinto de Herraje de Panza de Avestruz Original,40.00
196,HSN-14L Cinto de Herraje de Panza de Avestruz Original,40.00
196,AH8L Cinto de Herraje de Panza de Avestruz Original,36.25
197,T-2 Cinto de Vestir de Tela ,17.50
197,ALP-2 Cinto de Vestir de Piel Liso,27.50
197,T-1 Cinto de Vestir de Tela ,17.50
197,ALP-1 Cinto de Vestir de Piel Liso,30.00
197,T-3 Cinto de Vestir de Tela ,20.00
197,ALP-3 Cinto de Vestir de Piel Liso,31.25
198,423 Camisa de Niño Moda Montero Manga Larga (Precio en Especial),14.00
198,423 Camisa de Niño Moda Montero Manga 3/4 (Precio en Especial),14.00
198,288 Camisa de Niño Moda Montero Manga Larga (Precio en Especial),14.00
198,288 Camisa de Niño Moda Montero Manga 3/4 (Precio en Especial),14.00
198,413 Camisa de Niño Moda Montero Manga Larga (Precio en Especial),14.00
198,413 Camisa de Niño Moda Montero Manga 3/4 (Precio en Especial),14.00
199,863 Pantalón de Niño Moda Montero NO DISPONIBLE,14.00
199,861 Pantalón de Niño Moda Montero NO DISPONIBLE,14.00
200,862 Pantalón de Niño Moda Montero NO DISPONIBLE,14.00
