Pag,Descripcion,PRECIOS,
2,7374 Sueter Fino Danesi,23.13,
3,7376 Saco Fino Danesi,23.13,
4,7375 Saco Fino Danesi,23.13,
5,7355 Blusa Fina Danesi,16.88,
6,7341 Blusa Fina Danesi,19.38,
7,7353 Blusa Fina Danesi (Incluye Accesorio),16.88,
8,7344 Blusa Fina Danesi,15.63,enero-05-2015 lupe
9,7345 Blusa Fina Danesi,14.38,
10,7342 Blusa Fina Danesi,14.38,
11,7348 Blusa Fina Danesi,14.38,
12,7350 Blusa Fina Danesi,16.88,
13,9146 Blusa Fina Danesi,16.88,
14,7352 Blusa Fina Danesi,18.13,
15,9151 Blusa Fina Danesi,16.25,
16,7356 Blusa Fina Danesi,16.88,
17,7354 Blusa Fina Danesi,16.88,
18,9155 Blusa Fina Danesi,15.00,
19,9154 Blusa Fina Danesi,16.25,
20,9149 Blusa Fina Danesi,14.38,
21,9147 Blusa Fina Danesi,15.00,
22,7343 Blusa Fina Danesi,15.00,
23,7351 Blusa Fina Danesi,15.63,
24,7346 Blusa Fina Danesi,15.00,
25,9150 Blusa Fina Danesi,15.63,
26,7347 Blusa Fina Danesi,15.00,
27,7349 Blusa Fina Danesi,15.63,
28,9148 Blusa Fina Danesi,15.00,
29,9152 Blusa Fina Danesi,15.00,
30,9153 Blusa Fina Danesi,15.00,
31,7313 Blusa Fina Danesi (Incluye Accesorio),15.63,
32,7309 Blusa Fina Danesi,18.75,
33,7310 Blusa Fina Danesi,15.00,
34,9112 Blusa Fina Danesi,16.88,
35,9126 Blusa Fina Danesi,18.13,
35,9136 Blusa Fina Danesi (Incluye Accesorio),16.88,
36,7317 Blusa Fina Danesi,16.25,
36,7315 Blusa Fina Danesi,15.00,
37,7284 Blusa Fina Danesi,16.88,
37,7289 Blusa Fina Danesi,14.38,
38,037 Blusa Moda Vaquera Danesi,18.13,
39,035 Blusa Moda Vaquera Danesi,18.13,
40,409 Blusa Moda Vaquera Danesi,18.13,
41,036 Blusa Moda Vaquera Danesi,18.13,
42,9128 Blusa Fina Danesi (Incluye Accesorio),16.88,
42,9132 Blusa Fina Danesi,17.50,
43,7316 Blusa Fina Danesi,18.13,
43,7307 Blusa Fina Danesi,14.38,
44,7288 Blusa Fina Danesi (Incluye Accesorio),16.88,
44,7308 Blusa Fina Danesi (Incluye Accesorio),13.75,
45,9134 Blusa Fina Danesi,14.38,
45,7319 Blusa Fina Danesi,16.88,
46,7312 Blusa Fina Danesi (Incluye Accesorio),14.38,
46,7311 Blusa Fina Danesi (Incluye Accesorio),14.38,
47,9129 Blusa Fina Danesi,14.38,
47,9133 Blusa Fina Danesi,14.38,
48,9125 Blusa Fina Danesi,13.50,
48,9131 Blusa Fina Danesi,13.50,
49,9122 Blusa Fina Danesi,13.13,
49,7306 Blusa Fina Danesi,13.13,
50,7280 Blusa Fina Danesi (Precio en Especial),12.50,
50,7290 Blusa Fina Danesi (Precio en Especial),12.50,
51,9135 Blusa Fina Danesi (Precio en Especial),12.50,
51,7318 Blusa Fina Danesi (Precio en Especial),12.50,
52,9127 Blusa Fina Danesi (Precio en Especial),12.50,
52,9124 Blusa Fina Danesi (Precio en Especial),12.50,
53,9108 Blusa Fina Danesi,14.18,
53,9102 Blusa Fina Danesi,14.18,
53,9065 Blusa Fina Danesi,16.88,
54,7320 Blusa Fina Danesi (Precio en Especial),11.00,
54,9100 Blusa Fina Danesi (Precio en Especial),11.00,
55,7292 Blusa Fina Danesi (Precio en Especial),11.00,
55,9111 Blusa Fina Danesi (Precio en Especial),11.00,
56,9098 Blusa Fina Danesi (Precio en Especial),11.00,
56,9107 Blusa Fina Danesi (Precio en Especial),11.00,
57,7285 Blusa Fina Danesi (Precio en Especial),13.00,
57,9110 Blusa Fina Danesi (Precio en Especial),13.00,
57,7286 Blusa Fina Danesi (Incluye Accesorio) (Precio en Especial),13.00,
58,7291 Blusa Fina Danesi (Precio en Especial),10.00,
58,9066 Blusa Fina Danesi (Precio en Especial),10.00,
58,7184 Blusa Fina Danesi,14.18,
58,7314 Blusa Fina Danesi (Precio en Especial),13.50,
58,9123 Blusa Fina Danesi (Precio en Especial),13.50,
59,9104 Blusa Fina Danesi (Precio en Especial),10.00,
59,7281 Blusa Fina Danesi (Precio en Especial),10.00,
60,7283 Blusa Fina Danesi (Precio en Especial),10.00,
60,7287 Blusa Fina Danesi (Precio en Especial),10.00,
61,9109 Blusa Fina Danesi (Precio en Especial),10.00,
61,7265 Blusa Fina Danesi (Precio en Especial),9.00,
61,7263 Blusa Fina Danesi (Precio en Especial),11.00,
61,7259 Blusa Fina Danesi (Precio en Especial),11.00,
62,7264 Blusa Fina Danesi (Precio en Especial),9.00,
62,9007 lusa Fina Danesi (Precio en Especial),9.00,
62,9070 Blusa Fina Danesi (Precio en Especial),9.00,
62,7258 Blusa Fina Danesi (Precio en Especial),9.00,
62,7235 Blusa Fina Danesi (Precio en Especial),9.00,
63,7252 Blusa Fina Danesi (Precio en Especial),9.00,
63,7262 Blusa Fina Danesi (Precio en Especial),9.00,
63,9029 Blusa Fina Danesi (Precio en Especial),9.00,
64,202 Set Sport Danesi,24.38,
65,202 Set Sport Danesi,24.38,
66,033 Saco Fino Danesi,24.38,
66,030 Saco Fino Danesi,24.38,
67,028 Saco Fino Danesi,24.38,
67,032 Saco Fino Danesi,24.38,
68,034 Saco Fino Danesi,24.38,
68,031 Saco Fino Danesi,24.38,
69,2039 Chamarra Fina Danesi,15.63,
69,008 Chamarra Fina Danesi,21.88,
70,2034 Chamarra Fina Danesi,15.63,
70,005 Chamarra Fina Danesi,21.88,
71,Portadilla,0.10,
72,7358 Vestido Fino Danesi,26.88,
73,7365 Vestido Fino Danesi,23.13,
74,9137 Vestido Fino Danesi,21.25,
75,9143 Vestido Fino Danesi,21.88,
76,7357 Vestido Fino Danesi,20.63,
77,7359 Vestido Fino Danesi,18.13,
78,7361 Vestido Fino Danesi (Incluye Accesorio),20.63,
79,7362 Vestido Fino Danesi (Incluye Cinto),20.63,
80,7363 Vestido Fino Danesi,21.88,
81,9138 Vestido Fino Danesi (Incluye Torerita),21.88,
82,9139 Vestido Fino Danesi,20.63,
83,9140 Vestido Fino Danesi (Incluye Accesorio),21.25,
84,9142 Vestido Fino Danesi,21.25,
85,9144 Vestido Fino Danesi,20.63,
86,9141 Vestido Fino Danesi,21.25,
87,7360 Vestido Fino Danesi,18.75,
88,7364 Vestido Fino Danesi,20.00,
89,7367 Vestido Fino Danesi (Incluye Accesorio),20.00,
90,7366 Vestido Fino Danesi,18.13,
91,9145 Vestido Fino Danesi,21.25,
92,7377 Vestido Fino Danesi,18.13,
93,9080 Vestido Fino Danesi (Incluye Accesorio),20.63,
94,7327 Vestido Fino Danesi,20.00,
95,7333 Vestido Fino Danesi,20.00,
96,9113 Vestido Fino Danesi,23.75,
97,7196 Vestido Fino Danesi (Incluye Cinto),21.88,
98,7106 Vestido Fino Danesi,16.88,
99,9095 Vestido Fino Danesi,20.63,
100,17330 Vestido Fino Danesi,19.38,
101,9119 Vestido Fino Danesi,21.25,
102,7276 Vestido Fino Danesi (Incluye Cinto),20.00,
103,9094 Vestido Fino Danesi,21.25,
104,7323 Vestido Fino Danesi,18.13,
105,7328 Vestido Fino Danesi,16.88,
106,9116 Vestido Fino Danesi,22.50,
106,7332 Vestido Fino Danesi,18.13,
107,9120 Vestido Fino Danesi,21.88,
107,7326 Vestido Fino Danesi,19.38,
108,9115 Vestido Fino Danesi,23.13,
108,9117 Vestido Fino Danesi,18.13,
109,9121 Vestido Fino Danesi,18.13,
109,7324 Vestido Fino Danesi,20.00,
110,17325 Vestido Fino Danesi,16.88,
110,9091 Vestido Fino Danesi,19.38,
111,7305 Vestido Fino Danesi,18.13,
111,7303 Vestido Fino Danesi,18.13,
112,7302 Vestido Fino Danesi,18.13,
112,7304 Vestido Fino Danesi,18.13,
113,9090 Vestido Fino Danesi,16.25,
113,7296 Vestido Fino Danesi,16.25,
114,7300 Vestido Fino Danesi (Precio en Especial),15.50,
114,9088 Vestido Fino Danesi (Precio en Especial),16.50,
115,7299 Vestido Fino Danesi (Precio en Especial),15.50,
115,7295 Vestido Fino Danesi (Precio en Especial),17.00,
116,9092 Vestido Fino Danesi,15.63,
116,9089 Vestido Fino Danesi,15.63,
116,9096 Vestido Fino Danesi,18.13,
117,17331 Vestido Fino Danesi (Precio en Especial),18.50,
117,7321 Vestido Fino Danesi (Precio en Especial),18.50,
117,7329 Vestido Fino Danesi,16.88,
118,6967 Pantalón Mezclilla Stretch Danesi,16.80,
119,6967 Pantalón Mezclilla Stretch Danesi,16.80,
120,6994 Pantalón Mezclilla Stretch Danesi,16.80,
121,6986 Pantalón Mezclilla Stretch Danesi,15.40,
122,6964 Pantalón Mezclilla Stretch Danesi,16.10,
123,6966 Pantalón Mezclilla Stretch Danesi,17.50,
124,6989 Pantalón Mezclilla Stretch Danesi,16.10,
125,6968 Pantalón Mezclilla Stretch Danesi,16.10,
126,6985 Pantalón Mezclilla Stretch Danesi,17.50,
127,6965 Pantalón Mezclilla Stretch Danesi,15.40,
128,6969 Pantalón Mezclilla Stretch Danesi,15.40,
129,6987 Pantalón Mezclilla Stretch Danesi,15.40,
130,6990 Pantalón Mezclilla Stretch Danesi,15.40,
131,6988 Pantalón Mezclilla Stretch Danesi,16.80,
132,6991 Pantalón Mezclilla Stretch Danesi,16.10,
133,6992 Pantalón Mezclilla Stretch Danesi,15.40,
134,6993 Pantalón Mezclilla Stretch Danesi,15.40,
135,7368 Pantalón Stretch Danesi,17.50,
136,7369 Pantalón Stretch Danesi,17.50,
137,7335 Pantalón Stretch Danesi (Precio en Especial),13.00,
137,7370 Pantalón Stretch Danesi,15.63,
138,7371 Pantalón Stretch Danesi,15.63,
138,7372 Pantalón Stretch Danesi ,15.00,
139,7334 Pantalón Stretch Danesi,15.00,
140,7334 Pantalón Stretch Danesi,15.00,
140,7337 Pantalón Stretch Danesi ,15.00,
141,6951 Pantalón Mezclilla Stretch Danesi,18.23,
141,6946 Pantalón Mezclilla Stretch Danesi,18.23,
142,6943 Pantalón Mezclilla Stretch Danesi,15.00,
142,6956 Pantalón Mezclilla Stretch Danesi,15.63,
143,6945 Pantalón Mezclilla Stretch Danesi,15.53,
143,6921 Pantalón Mezclilla Stretch Danesi,13.50,
144,6957 Pantalón Mezclilla Stretch Danesi (Precio en Especial),15.50,
144,6958 Pantalón Mezclilla Stretch Danesi (Precio en Especial),15.50,
146,6942 Pantalón Mezclilla Stretch Danesi,14.50,
146,6944 Pantalón Mezclilla Stretch Danesi,14.50,
147,6941 Pantalón Mezclilla Stretch Danesi (Precio en Especial),15.00,
147,6940 Pantalón Mezclilla Stretch Danesi (Precio en Especial),15.00,
148,6947 Pantalón Mezclilla Stretch Danesi (Precio en Especial),14.50,
148,6950 Pantalón Mezclilla Stretch Danesi (Precio en Especial),14.50,
149,6922 Pantalón Mezclilla Stretch Danesi (Precio en Especial),13.00,
149,6954 Pantalón Mezclilla Stretch Danesi (Precio en Especial),13.00,
150,011 Pantalón Algodon Stretch Danesi (Precio en Especial),13.00,
151,6949 Pantalón Mezclilla Stretch Danesi,15.23,
151,6927 Pantalón Mezclilla Stretch Danesi,14.50,
152,6918 Pantalón Mezclilla Stretch Danesi (Precio en Especial),14.50,
152,6919 Pantalón Mezclilla Stretch Danesi (Precio en Especial),14.50,
153,6920 Pantalón Mezclilla Stretch Danesi,15.23,
154,6926 Pantalón Mezclilla Stretch Danesi (Precio en Especial),13.50,
154,6923 Pantalón Mezclilla Stretch Danesi (Precio en Especial),11.00,
155,6928 Pantalón Mezclilla Stretch Danesi (Precio en Especial),11.00,
155,6962 Short de Mezclilla Stretch Danesi,12.50,
