PAGINA,DESCRIPCION, PRECIO 
1,BENTLEY QUEEN (BEN100-002),65.25
1,BENTLEY KING (BE100-003),68.99
1,SET DE CORTINA BENTLEY (BEN101),17.75
1,SAB BENTLEY QUEEN (BEN102-002),20.50
1,SAB BENTLEY KING (BEN102-003),23.50
1,MAPLE EDREDON FULL (MAP101-001),53.50
1,MAPLE EDREDON QUEEN (MAP101-002),65.25
1,JGO DE SAB MAPLE FULL (MAP103-001),17.75
1,OPULENCIA EDR FULL (OPU100-001),53.50
1,JGO SAB OPULENCIA FULL (OPU102-001),17.75
1,JGO SAB OPULENCIA QUEEN (OPU102-002),20.50
1,YANETH EDR TWIN (YAN100-001),64.99
1,JGO DE SAB YANETH TWIN (YAN102-001) GRATIS POR COMPRA EDR,0.10
1,YANETH EDR FULL (YAN100-002),71.99
1,JGO DE SAB YANETH FULL (YAN102-002) GRATIS POR COMPRA EDR,0.10
1,YANETH EDR QUEEN (YAN100-003),84.50
1,JGO DE SAB YANETH QUEEN (YAN102-003) GRATIS POR COMPRA EDR,0.10
1,YANETH EDR KING (YAN100-004),91.99
1,JGO DE SAB YANETH KING (YAN102-004) GRATIS POR COMPRA EDR,0.10
1,SET DE CORT YANETH (YAN101),17.75
1,AREZZO EDR FULL (ARE101-001),53.50
1,AREZZO EDR QUEEN (ARE101-002),65.25
1,AREZZO EDR KING (ARE101-003),72.99
1,SET DE CORT AREZZO (ARE102),17.75
1,NURYS COLCHA TWIN (NUR100-001),34.50
1,NURYS COLCHA FULL (NUR100-002),38.50
1,NURYS COLCHA QUEEN (NUR100-003),45.50
1,SET DE CORTINA NURYS (NUR101),17.75
1,JGO SAB NURYS TWIN (NUR102-001),14.25
1,JGO SAB NURYS FULL (NUR102-002),17.75
1,JGO SAB NURYS QUEEN (NUR102-003),20.50
1,JGO SAB NURYS KING (NUR102-004),23.50
1,YUDITH COL TWIN(YUD100-001),49.99
1,JGO SAB YUDITH TWIN (YUD102-001) GRATIS POR COMPRA DE COLCHA,0.10
1,YUDITH COL FULL (YUD100-002),61.50
1,JGO SAB YUDITH FULL (YUD102-002) GRATIS POR COMPRA DE COLCHA,0.10
1,YUDITH COL QUEEN (YUD100-003),68.50
1,JGO SAB YUDITH QUEEN (YUD102-003) GRATIS POR COMPRA DE COLCHA,0.10
1,YUDITH COL KING (YUD100-004),75.99
1,JGO SAB YUDITH KING (YUD102-004) GRATIS POR COMPRA DE COLCHA,0.10
1,SET DE CORT YUDITH (YUD101),17.75
1,ADAMARIS COLCHA FULL (ADA100-001),68.50
1,JGO SAB ADAMARIS FULL (ADA102-001) GRATIS POR COMPRA DE COLCHA,0.10
1,ADAMARIS COLCHA QUEEN (ADA100-002),68.75
1,JGO SAB ADAMARIS QUEEN (ADA102-002) GRATIS POR COMPRA DE COLCHA,0.10
1,SET DE CORT ADAMARIS (ADA101),17.75
1,JGO DE SAB ADAMARIS KING (ADA102-003),23.50
1,FANCY EDR TWIN (FAN104-001),40.75
1,SET DE CORT FANCY (FAN106),17.75
1,JGO DE SAB FANCY FULL (FAN107-002),17.75
1,LOVE EDREDON TWIN (LOV102-001),22.99
1,LOVE EDREDON FULL (LOV102-002),26.99
1,SET DE CORT LOVE (LOV103),13.99
1,JGO DE SAB LOVE TWIN (LOV104-001),14.25
1,JGO DE SAB LOVE FULL (LOV104-002),17.75
1,JGO DE SAB TUNDRA FULL (TUN106-002),17.75
1,JGO DE SAB TUNDRA QUEEN (TUN106-003),20.50
1,CORT DE SALA SCARLET (SCA103),13.50
1,SOF COV MARINO CHAIR (MAR123-001),10.50
1,SET DE BAÑO PORTO (POR100),23.50
1,SET DE BAÑO HAWAI (HAW100),23.50
1,TOALLA XL LINEN (TOA065),7.75
1,BLANKET BGO LISO F/Q CAFÉ (BOR100-006),24.50
1,BLANKET BGO LISO F/Q VINO (BOR001),24.50,
1,BLKT BORREGO YUDITH QUEEN (YUD103-001),27.99,1
1,BLKT BORREGO YUDITH KING (YUD103-002),32.50,
1,BLKT BORREGO COFFEE QUEEN (COF103-001),27.99,
1,BLKT BORREGO COFFEE KING (COF103-002),32.50,
1,BLKT BORREGO LILIANA QUEEN (LIL106-001),27.99,2
1,BLKT BORREGO LILIANA KING (LIL106-002),32.50,
1,BLANKET YOLANDA F/Q (YOL100),27.99,
1,BLKT YESENIA/TIGRE FULL-QUEEN (YES100),35.99,
1,BLKT BGO DRIFTER TWIN (DRI104),22.75,
