PAGINA,CODIGO,PRECIO,
4,009-975 (7-11) CAFÉ,40.60,
4,009-979 (7-11) ARENA,40.60,
5,009-601 ONE SIZE SIN COLOR,9.50,
5,010-087 (7-11.5) NEGRO,37.50,
5,010-087 (7-11.5) VINO,37.50,
6,006-947 (7-11) BLANCO,34.50,
6,006-947 (7-11) NEGRO,34.50,
8,010-137 (7-11) MARINO,37.50,
8,010-137 (7-11) ROJO,37.50,
9,005-444 (7-12) NEGRO,36.20,
9,009-604 ONE SIZE SIN COLOR,2.80,
9,010-130 (7-11) OLIVO,36.20,
10,007-474 (7-12) CHOCOLATE,36.20,
10,007-474 (7-12) NEGRO,36.20,
10,009-602 ONE SIZE SIN COLOR,3.80,
12,005-869 (7-11) NEGRO,36.20,
12,006-463 (7-12) MARINO,37.50,
15,010-086 (7-11) MARINO,34.50,
15,010-121 (7-11) GRIS,36.20,
15,010-121 (7-11) MIEL,36.20,
16,004-598 ONE SIZE /32-44 MULTICOLOR,12.60,
16,010-019 (8-11) MIEL,28.20,
16,010-088 (7 - 11.5) MARINO,36.20,
16,010-126 (7 - 11.5) CAFÉ,36.20,
18,010-072 (7 - 12) MARINO,34.50,
18,010-127 (8-11) CAMEL,26.90,
19,006-948 (7-11) NEGRO,33.20,
19,009-956 (7-11) AZUL,33.20,
20,007-494 (7-11) VERDE,25.30,
20,010-015 (8-11) ROJO,28.20,
21,"006-750 (3Y - 5Y, 6M - 11M) MULTICOLOR",25.00,
21,007-578 (7-11) NEGRO,25.00,
22,010-177 (7-11) BLANCO,25.30,
22,010-178 (7-11) MARINO,25.30,
22,010-193 (8-11) CAFÉ,25.70,
23,"006-109 (3Y - 5Y, 6M - 11M) NEGRO",25.00,
23,"010-028 (3Y - 5Y,  6M - 11M,  5W - 10W) MARINO",22.00,
23,"010-029 (3Y - 5Y,  6M - 11M,  5W - 10W) VINO",22.00,
23,"010-098 (3Y - 5Y, 6M - 11M) NEGRO",22.00,
23,"010-101 (3Y - 5Y, 6M - 11M) BLANCO",22.00,
24,"009-994 (3Y - 5Y,  6M - 11M,  5W - 10W) BLANCO",34.50,
24,"009-995 (3Y - 5Y,  6M - 11M,  5W - 10W) PLATA",34.50,
24,"009-997 (3Y - 5Y,  6M - 11M,  5W - 10W) AZUL",36.20,
24,"009-997 (3Y - 5Y,  6M - 11M,  5W - 10W) NEGRO",36.20,
24,"009-997 (3Y - 5Y,  6M - 11M,  5W - 10W) ROJO",36.20,
24,"010-036 (S /32-34, M/36-38, L/40-42) NEGRO",10.10,
25,009-605 ONE SIZE SIN COLOR,1.60,
25,010-094 (7-11) CAFÉ,45.50,
25,010-094 (7-11) NEGRO,45.50,
26,010-155 (8-11) MIEL,48.70,
26,010-155 (8-11) NEGRO,48.70,
28,010-125 (7 - 11.5) CAFÉ,37.50,
28,010-125 (7 - 11.5) NEGRO,37.50,
29,007-475 (7 - 12) MARINO,37.50,
29,007-475 (7 - 12) MIEL,37.50,
29,"010-038 (S /32-34, M/36-38, L/40-42) MIEL",14.90,
29,010-160 (7-11) NEGRO,42.50,
29,010-161 (7 - 12) NEGRO,39.40,
30,002-111 (7 - 12) NEGRO,39.40,
30,"004-641 (S /32-34, M/36-38, L/40-42) NEGRO",13.20,
30,010-141 (7 - 11.5) CAFÉ,45.50,
30,010-143 (7 - 11.5) CAFE,45.50,
30,010-143 (7 - 11.5) NEGRO,45.50,
31,"010-037 (S /32-34, M/36-38, L/40-42) NEGRO",14.90,
31,010-163 (7 - 12) NEGRO,39.40,
31,010-164 (7-11) NEGRO,34.50,
31,010-184 (7-11) CAFÉ,39.40,
31,010-185 (7-11) NEGRO,39.40,
32,"004-641 (S /32-34, M/36-38, L/40-42) NEGRO",13.20,
32,010-090 (7-11) NEGRO,48.70,
32,010-167 (7 - 12) AZUL,39.40,
32,010-167 (7 - 12) CAFÉ,39.40,
33,010-173 (7-11) NEGRO,53.10,
33,010-179 (7-11) MIEL,53.10,
34,"010-037 (S /32-34, M/36-38, L/40-42) NEGRO",14.90,
34,010-172 (7-11) CAFÉ,53.10,
34,010-172 (7-11) NEGRO,53.10,
34,010-174 (7-11) CAFÉ,53.10,
35,"004-641 (S /32-34, M/36-38, L/40-42) NEGRO",13.20,
35,"004-844 (S /32-34, M/36-38, L/40-42) NEGRO",15.70,
35,"010-037 (S /32-34, M/36-38, L/40-42) NEGRO",14.90,
35,"010-038 (S /32-34, M/36-38, L/40-42) MIEL",14.90,
36,004-598 ONE SIZE /32-44 MULTICOLOR,12.60,
36,"010-035 (S /32-34, M/36-38, L/40-42) GRIS",12.60,
36,"010-036 (S /32-34, M/36-38, L/40-42) NEGRO",10.10,
38,010-018 (7 - 12) CAFÉ,42.50,
38,010-018 (7 - 12) MIEL,42.50,
39,006-455 (7 - 12) MIEL,34.50,
39,006-455 (7 - 12) NEGRO,34.50,
39,010-012 (7 - 12) CAFÉ,49.90,
39,010-017 (7 - 12) CAMEL,36.20,
40,005-897 (8-11) CHOCOLATE,26.90,
40,007-529 (7-11) ROJO,28.20,
40,"007-936 (4Y - 5Y, 6M - 11M) MIEL",28.20,
41,005-244 (7 - 12) MIEL,49.90,
42,005-244 (7 - 12) NEGRO,48.70,
42,009-982 (7 - 12) CAFÉ,45.50,
44,"005-293 (3Y - 5Y, 6M - 11M,  5W - 10W) NEGRO",45.50,
44,"009-991 (4Y - 5Y, 6M - 11M) AZUL",31.30,
44,"009-992 (4Y - 5Y, 6M - 11M) GRIS",31.30,
45,"009-993 (3Y - 5Y, 6M - 11M) GRIS",25.30,
45,"009-993 (3Y - 5Y, 6M - 11M) MARINO",25.30,
45,"010-136 (3Y - 5Y, 6M - 11M) AZUL MULTI",37.50,
46,"007-573 (3Y - 5Y, 6M - 11M,  5W - 10W) ROJO",36.20,
46,010-042 (7 - 12) GRIS,37.50,
46,010-069 (7 - 12) AZUL,37.50,
47,009-983 (7 - 12) AZUL,34.50,
47,009-983 (7 - 12) NEGRO,34.50,
48,"000-487 (12C - 13C,  1Y - 2Y) BLANCO",28.20,
48,"000-487 (3Y - 5Y, 6M - 11M,  5W - 10W) BLANCO",33.20,
48,005-536 ONE SIZE BLANCO-GRIS,5.40,
48,"007-491 (3Y - 5Y, 6M - 11M) NEGRO",37.50,
49,006-806 (7-11) BLANCO,25.00,
49,006-806 (7-11) NARANJA,25.00,
49,006-949 (7-11) CAFÉ,33.20,
50,007-515 (7-11) MEZCLILLA MULTI,20.70,
50,007-516 (7-11) ROJO,20.70,
51,007-650 (7-11) VERDE,5.40,
51,009-716 (7-12) CAMEL,30.10,
51,009-965 (7-11) AZUL MULTI,7.30,
51,009-965 (7-11) NEGRO,7.30,
51,009-965 (7-11) ROJO,7.30,
52,009-963 (7-11) BEIGE,18.90,
52,009-964 (7-11) AZUL,18.90,
52,009-966 (7-11) ROJO,18.90,
52,009-967 (7-11) NEGRO,18.90,
52,009-968 (7-11) CAFÉ,18.90,
54,000-106 (7-11) MULTICOLOR,12.60,
55,010-074 (7-11) MULTICOLOR,26.90,
56,"010-096 (3Y - 5Y, 6M - 11M) MULTICOLOR",49.00,
57,010-169 (7-11) MULTICOLOR,41.60,
58,010-149 (7-11) MULTICOLOR,44.10,
59,007-608 (7-11) NEGRO,52.40,
60,"004-658 (S /32-34, M/36-38, L/40-42) MULTICOLOR",12.60,
60,"004-680 (S /32-34, M/36-38, L/40-42) MULTICOLOR",13.60,
61,F68904 Multimarca (7-11) CAFÉ,79.00,
61,F79501 Multimarca (7-11) CAFÉ,79.00,
61,F92301 Multimarca (7-11) NEGRO,79.00,
61,F92401 Multimarca (7-11) CAFÉ,89.00,
61,F95201 Multimarca (7-11) MIEL,79.00,
62,F19123 Multimarca (7-11) CAFÉ,69.00,
62,F66511 Multimarca (7-11) CAFÉ,99.00,
62,F93105 Multimarca (7-11) MIEL,85.00,
63,F68607 Multimarca (7-11) AZUL,89.00,
63,F68607 Multimarca (7-11) CAFÉ,89.00,
63,F96002 Multimarca (7-11) AZUL,75.00,
64,F63202 Multimarca (7-11) CAFÉ,65.00,
64,F63202 Multimarca (7-13) NEGRO,65.00,
64,F91501 Multimarca (7-11) NEGRO,79.00,
64,F91502 Multimarca (7-11) NEGRO,79.00,
65,V14848 Multimarca NO DISPONIBLE EN ESTADOS UNIDOS,0.10,
65,V47385 Multimarca NO DISPONIBLE EN ESTADOS UNIDOS,0.10,
65,V47386 Multimarca NO DISPONIBLE EN ESTADOS UNIDOS,0.10,
66,VM7650 Multimarca NO DISPONIBLE EN ESTADOS UNIDOS,0.10,
66,VM7652 Multimarca NO DISPONIBLE EN ESTADOS UNIDOS,0.10,
66,VM9160 Multimarca NO DISPONIBLE EN ESTADOS UNIDOS,0.10,
66,VM9166 Multimarca NO DISPONIBLE EN ESTADOS UNIDOS,0.10,
67,C21815 Multimarca (7-12) BLANCO,34.00,
67,C21815 Multimarca (7-12) ROJO,34.00,
67,C21841 Multimarca (7-12) BLANCO-NEGRO,33.00,
68,C21837 Multimarca (7-12) NARANJA,31.00,
68,C21837 Multimarca (7-12) NEGRO,38.75,
69,C21855 Multimarca (3Y - 5Y) CORAL,46.25,
69,C21855 Multimarca (3Y - 5Y) NEGRO,46.25,
69,C21855 Multimarca (7-12) CORAL,47.50,
69,C21855 Multimarca (7-12) NEGRO,47.50,
70,K00011 Multimarca (8-13) BLANCO,118.75,
70,K06068 Multimarca ONE SIZE NEGRO,21.25,
70,K09797 Multimarca ONSE SIZE NEGRO-BLANCO,13.75,
71,K06117 Multimarca ONE SIZE GRIS,16.25,
71,K0F011 Multimarca (8-11) NEGRO,97.50,
71,K0F011 Multimarca (8-11) ROJO,97.50,
71,K0F020 Multimarca (8-11) NEGRO,115.00,
72,K06146 Multimarca ONE SIZE AZUL,16.25,
72,K0F005 Multimarca (8-11) BLANCO,102.50,
72,K0F005 Multimarca (8-11) NEGRO,102.50,
72,K0F017 Multimarca (8-11) AZUL,102.50,
72,K0F017 Multimarca (8-11) NEGRO,102.50,
73,K02455 Multimarca (8-11) VINO,67.50,
73,K02455 Multimarca (8-12) NEGRO,67.50,
73,K06087 Multimarca ONE SIZE MARINO-ROJO,16.25,
74,K00762 Multimarca (7-11) CAFÉ,88.75,
74,K00901 Multimarca (7-11) VINO,110.00,
74,K06073 Multimarca ONE SIZE CAFÉ,16.25,
77,"010-637 (S, M, L, XL) BLANCO",15.90,
78,009-965 (7 - 11) AZUL MULTI,7.30,
78,010-620 (30 - 38) ARENA,28.60,
79,"010-431 (S, M, L, XL) VERDE MULTI",16.80,
80,"010-499 (S, M, L, XL) BLANCO",15.90,
81,"010-495 (S, M, L, XL) VERDE",15.90,
82,"010-490 (S, M, L, XL) ROSA",15.50,
83,"010-496 (S, M, L, XL) AMARILLO",15.90,
84,"010-498 (S, M, L, XL) BLANCO",17.40,
85,010-086 (7 - 11) MARINO,34.50,
85,"010-485 (S, M, L, XL) BLANCO-AZUL",24.90,
86,"010-494 (S, M, L, XL) MULTICOLOR",16.80,
87,"010-491 (S, M, L, XL) MULTICOLOR",15.50,
88,"010-492 (S, M, L, XL) GRIS",15.50,
89,"010-478 (S, M, L, XL) BLANCO",24.90,
90,"010-488 (S, M, L, XL) MARINO",24.30,
91,"010-486 (S, M, L, XL) ROSA",24.30,
91,010-620 (30-38) ARENA,28.60,
92,"010-477 (S, M, L, XL) NEGRO",24.90,
93,"010-493 (S, M, L, XL) MARINO",17.10,
94,"010-432 (S, M, L, XL) CORAL",24.90,
95,010-155 (8-11) MIEL,48.70,
96,"004-680 (S /32-34, M/36-38, L/40-42) MULTICOLOR",13.60,
96,"010-618 (S, M, L, XL) MULTICOLOR",28.00,
97,"010-485 (S, M, L, XL) BLANCO-AZUL",24.90,
98,"010-475 (S, M, L, XL) MARINO",40.50,
99,"010-483 (S, M, L, XL) BLANCO-AZUL",29.90,
100,"010-481 (S, M, L, XL) AZUL",29.60,
100,010-620 (30 - 38) ARENA,28.60,
102,010-167 (7 - 12) AZUL,39.40,
102,"010-476 (S, M, L, XL) CAMEL",48.20,
102,"010-486 (S, M, L, XL) ROSA",24.30,
103,"010-487 (S, M, L, XL) GRIS",24.90,
104,"010-630 (S, M, L, XL) ROJO",29.30,
105,"004-680 (S /32-34, M/36-38, L/40-42) MULTICOLOR",13.60,
105,010-155 (8 - 11) MIEL,48.70,
105,010-617 (30 - 38) AZUL,30.50,
106,010-617 (30 - 38) AZUL,30.50,
106,"010-629 (S, M, L, XL) ROJO",29.30,
107,"010-619 (S, M, L, XL) MULTICOLOR",28.00,
108,"010-479 (S, M, L, XL) MARINO",38.60,
110,"010-038 (S /32-34, M/36-38, L/40-42) MIEL",14.90,
110,"010-636 (S, M, L, XL) VERDE",28.30,
111,010-617 (30 - 38) AZUL,30.50,
111,"010-618 (S, M, L, XL) MULTICOLOR",28.00,
112,010-125 (7 - 11.5) NEGRO,37.50,
112,"010-487 (S, M, L, XL) GRIS",24.90,
113,"010-497 (S, M, L, XL) AZUL MULTI",16.80,
113,010-617 (30 - 38) AZUL,30.50,
114,"010-631 (S, M, L, XL) AMARILLO",28.30,
115,"010-038 (S /32-34, M/36-38, L/40-42) MIEL",14.90,
115,010-155 (8 - 11) MIEL,48.70,
115,"010-476 (S, M, L, XL) CAMEL",48.20,
116,"010-036 (S /32-34, M/36-38, L/40-42) NEGRO",10.10,
116,010-086 (7 - 11) MARINO,34.50,
116,"010-492 (S, M, L, XL) GRIS",15.50,
117,007-608 (7 - 11) NEGRO,52.40,
117,"010-037 (S /32-34, M/36-38, L/40-42) NEGRO",14.90,
117,010-613 (30 - 38) NEGRO,33.00,
117,"010-629 (S, M, L, XL) ROJO",29.30,
118,007-608 (7 - 11) NEGRO,52.40,
118,"010-037 (S /32-34, M/36-38, L/40-42) NEGRO",14.90,
118,"010-480 (S, M, L, XL) NEGRO",38.60,
118,010-614 (30 - 38) GRIS,33.00,
119,"010-037 (S /32-34, M/36-38, L/40-42) NEGRO",14.90,
119,010-613 (30 - 38) NEGRO,33.00,
120,"004-680 (S /32-34, M/36-38, L/40-42) MULTICOLOR",13.60,
120,007-608 (7 - 11) NEGRO,52.40,
120,"010-479 (S, M, L, XL) MARINO",38.60,
120,010-614 (30 - 38) GRIS,33.00,
121,010-094 (7 - 11) CAFÉ,45.50,
121,"010-624 (S, M, L, XL) AZUL MEZCLILLA",32.70,
122,"010-628 (S, M, L, XL) AZUL MEZCLILLA",29.90,
123,"010-626 (S, M, L, XL) AZUL MEZCLILLA",32.70,
124,"010-432 (S, M, L, XL) CORAL",24.90,
125,010-086 (7 - 11) MARINO,34.50,
126,010-127 (8 - 11) CAMEL,26.90,
127,"010-624 (S, M, L, XL) AZUL MEZCLILLA",32.70,
129,"009-993 (3Y - 5Y, 6M - 11M) GRIS",25.30,
129,"010-490 (S, M, L, XL) ROSA",15.50,
130,"010-499 (S, M, L, XL) BLANCO",15.90,
